DateID,Date,DayofWeek,Month,Quarter,Year,isWeekend
20200101,01/01/20,Wednesday,1,1,2020,FALSE
20200102,01/02/20,Thursday,1,1,2020,FALSE
20200103,01/03/20,Friday,1,1,2020,FALSE
20200104,01/04/20,Saturday,1,1,2020,TRUE
20200105,01/05/20,Sunday,1,1,2020,TRUE
20200106,01/06/20,Monday,1,1,2020,FALSE
20200107,01/07/20,Tuesday,1,1,2020,FALSE
20200108,01/08/20,Wednesday,1,1,2020,FALSE
20200109,01/09/20,Thursday,1,1,2020,FALSE
20200110,01/10/20,Friday,1,1,2020,FALSE
20200111,01/11/20,Saturday,1,1,2020,TRUE
20200112,01/12/20,Sunday,1,1,2020,TRUE
20200113,01/13/20,Monday,1,1,2020,FALSE
20200114,01/14/20,Tuesday,1,1,2020,FALSE
20200115,01/15/20,Wednesday,1,1,2020,FALSE
20200116,01/16/20,Thursday,1,1,2020,FALSE
20200117,01/17/20,Friday,1,1,2020,FALSE
20200118,01/18/20,Saturday,1,1,2020,TRUE
20200119,01/19/20,Sunday,1,1,2020,TRUE
20200120,01/20/20,Monday,1,1,2020,FALSE
20200121,01/21/20,Tuesday,1,1,2020,FALSE
20200122,01/22/20,Wednesday,1,1,2020,FALSE
20200123,01/23/20,Thursday,1,1,2020,FALSE
20200124,01/24/20,Friday,1,1,2020,FALSE
20200125,01/25/20,Saturday,1,1,2020,TRUE
20200126,01/26/20,Sunday,1,1,2020,TRUE
20200127,01/27/20,Monday,1,1,2020,FALSE
20200128,01/28/20,Tuesday,1,1,2020,FALSE
20200129,01/29/20,Wednesday,1,1,2020,FALSE
20200130,01/30/20,Thursday,1,1,2020,FALSE
20200131,01/31/20,Friday,1,1,2020,FALSE
20200201,02/01/20,Saturday,2,1,2020,TRUE
20200202,02/02/20,Sunday,2,1,2020,TRUE
20200203,02/03/20,Monday,2,1,2020,FALSE
20200204,02/04/20,Tuesday,2,1,2020,FALSE
20200205,02/05/20,Wednesday,2,1,2020,FALSE
20200206,02/06/20,Thursday,2,1,2020,FALSE
20200207,02/07/20,Friday,2,1,2020,FALSE
20200208,02/08/20,Saturday,2,1,2020,TRUE
20200209,02/09/20,Sunday,2,1,2020,TRUE
20200210,02/10/20,Monday,2,1,2020,FALSE
20200211,02/11/20,Tuesday,2,1,2020,FALSE
20200212,02/12/20,Wednesday,2,1,2020,FALSE
20200213,02/13/20,Thursday,2,1,2020,FALSE
20200214,02/14/20,Friday,2,1,2020,FALSE
20200215,02/15/20,Saturday,2,1,2020,TRUE
20200216,02/16/20,Sunday,2,1,2020,TRUE
20200217,02/17/20,Monday,2,1,2020,FALSE
20200218,02/18/20,Tuesday,2,1,2020,FALSE
20200219,02/19/20,Wednesday,2,1,2020,FALSE
20200220,02/20/20,Thursday,2,1,2020,FALSE
20200221,02/21/20,Friday,2,1,2020,FALSE
20200222,02/22/20,Saturday,2,1,2020,TRUE
20200223,02/23/20,Sunday,2,1,2020,TRUE
20200224,02/24/20,Monday,2,1,2020,FALSE
20200225,02/25/20,Tuesday,2,1,2020,FALSE
20200226,02/26/20,Wednesday,2,1,2020,FALSE
20200227,02/27/20,Thursday,2,1,2020,FALSE
20200228,02/28/20,Friday,2,1,2020,FALSE
20200229,02/29/20,Saturday,2,1,2020,TRUE
20200301,03/01/20,Sunday,3,1,2020,TRUE
20200302,03/02/20,Monday,3,1,2020,FALSE
20200303,03/03/20,Tuesday,3,1,2020,FALSE
20200304,03/04/20,Wednesday,3,1,2020,FALSE
20200305,03/05/20,Thursday,3,1,2020,FALSE
20200306,03/06/20,Friday,3,1,2020,FALSE
20200307,03/07/20,Saturday,3,1,2020,TRUE
20200308,03/08/20,Sunday,3,1,2020,TRUE
20200309,03/09/20,Monday,3,1,2020,FALSE
20200310,03/10/20,Tuesday,3,1,2020,FALSE
20200311,03/11/20,Wednesday,3,1,2020,FALSE
20200312,03/12/20,Thursday,3,1,2020,FALSE
20200313,03/13/20,Friday,3,1,2020,FALSE
20200314,03/14/20,Saturday,3,1,2020,TRUE
20200315,03/15/20,Sunday,3,1,2020,TRUE
20200316,03/16/20,Monday,3,1,2020,FALSE
20200317,03/17/20,Tuesday,3,1,2020,FALSE
20200318,03/18/20,Wednesday,3,1,2020,FALSE
20200319,03/19/20,Thursday,3,1,2020,FALSE
20200320,03/20/20,Friday,3,1,2020,FALSE
20200321,03/21/20,Saturday,3,1,2020,TRUE
20200322,03/22/20,Sunday,3,1,2020,TRUE
20200323,03/23/20,Monday,3,1,2020,FALSE
20200324,03/24/20,Tuesday,3,1,2020,FALSE
20200325,03/25/20,Wednesday,3,1,2020,FALSE
20200326,03/26/20,Thursday,3,1,2020,FALSE
20200327,03/27/20,Friday,3,1,2020,FALSE
20200328,03/28/20,Saturday,3,1,2020,TRUE
20200329,03/29/20,Sunday,3,1,2020,TRUE
20200330,03/30/20,Monday,3,1,2020,FALSE
20200331,03/31/20,Tuesday,3,1,2020,FALSE
20200401,04/01/20,Wednesday,4,2,2020,FALSE
20200402,04/02/20,Thursday,4,2,2020,FALSE
20200403,04/03/20,Friday,4,2,2020,FALSE
20200404,04/04/20,Saturday,4,2,2020,TRUE
20200405,04/05/20,Sunday,4,2,2020,TRUE
20200406,04/06/20,Monday,4,2,2020,FALSE
20200407,04/07/20,Tuesday,4,2,2020,FALSE
20200408,04/08/20,Wednesday,4,2,2020,FALSE
20200409,04/09/20,Thursday,4,2,2020,FALSE
20200410,04/10/20,Friday,4,2,2020,FALSE
20200411,04/11/20,Saturday,4,2,2020,TRUE
20200412,04/12/20,Sunday,4,2,2020,TRUE
20200413,04/13/20,Monday,4,2,2020,FALSE
20200414,04/14/20,Tuesday,4,2,2020,FALSE
20200415,04/15/20,Wednesday,4,2,2020,FALSE
20200416,04/16/20,Thursday,4,2,2020,FALSE
20200417,04/17/20,Friday,4,2,2020,FALSE
20200418,04/18/20,Saturday,4,2,2020,TRUE
20200419,04/19/20,Sunday,4,2,2020,TRUE
20200420,04/20/20,Monday,4,2,2020,FALSE
20200421,04/21/20,Tuesday,4,2,2020,FALSE
20200422,04/22/20,Wednesday,4,2,2020,FALSE
20200423,04/23/20,Thursday,4,2,2020,FALSE
20200424,04/24/20,Friday,4,2,2020,FALSE
20200425,04/25/20,Saturday,4,2,2020,TRUE
20200426,04/26/20,Sunday,4,2,2020,TRUE
20200427,04/27/20,Monday,4,2,2020,FALSE
20200428,04/28/20,Tuesday,4,2,2020,FALSE
20200429,04/29/20,Wednesday,4,2,2020,FALSE
20200430,04/30/20,Thursday,4,2,2020,FALSE
20200501,05/01/20,Friday,5,2,2020,FALSE
20200502,05/02/20,Saturday,5,2,2020,TRUE
20200503,05/03/20,Sunday,5,2,2020,TRUE
20200504,05/04/20,Monday,5,2,2020,FALSE
20200505,05/05/20,Tuesday,5,2,2020,FALSE
20200506,05/06/20,Wednesday,5,2,2020,FALSE
20200507,05/07/20,Thursday,5,2,2020,FALSE
20200508,05/08/20,Friday,5,2,2020,FALSE
20200509,05/09/20,Saturday,5,2,2020,TRUE
20200510,05/10/20,Sunday,5,2,2020,TRUE
20200511,05/11/20,Monday,5,2,2020,FALSE
20200512,05/12/20,Tuesday,5,2,2020,FALSE
20200513,05/13/20,Wednesday,5,2,2020,FALSE
20200514,05/14/20,Thursday,5,2,2020,FALSE
20200515,05/15/20,Friday,5,2,2020,FALSE
20200516,05/16/20,Saturday,5,2,2020,TRUE
20200517,05/17/20,Sunday,5,2,2020,TRUE
20200518,05/18/20,Monday,5,2,2020,FALSE
20200519,05/19/20,Tuesday,5,2,2020,FALSE
20200520,05/20/20,Wednesday,5,2,2020,FALSE
20200521,05/21/20,Thursday,5,2,2020,FALSE
20200522,05/22/20,Friday,5,2,2020,FALSE
20200523,05/23/20,Saturday,5,2,2020,TRUE
20200524,05/24/20,Sunday,5,2,2020,TRUE
20200525,05/25/20,Monday,5,2,2020,FALSE
20200526,05/26/20,Tuesday,5,2,2020,FALSE
20200527,05/27/20,Wednesday,5,2,2020,FALSE
20200528,05/28/20,Thursday,5,2,2020,FALSE
20200529,05/29/20,Friday,5,2,2020,FALSE
20200530,05/30/20,Saturday,5,2,2020,TRUE
20200531,05/31/20,Sunday,5,2,2020,TRUE
20200601,06/01/20,Monday,6,2,2020,FALSE
20200602,06/02/20,Tuesday,6,2,2020,FALSE
20200603,06/03/20,Wednesday,6,2,2020,FALSE
20200604,06/04/20,Thursday,6,2,2020,FALSE
20200605,06/05/20,Friday,6,2,2020,FALSE
20200606,06/06/20,Saturday,6,2,2020,TRUE
20200607,06/07/20,Sunday,6,2,2020,TRUE
20200608,06/08/20,Monday,6,2,2020,FALSE
20200609,06/09/20,Tuesday,6,2,2020,FALSE
20200610,06/10/20,Wednesday,6,2,2020,FALSE
20200611,06/11/20,Thursday,6,2,2020,FALSE
20200612,06/12/20,Friday,6,2,2020,FALSE
20200613,06/13/20,Saturday,6,2,2020,TRUE
20200614,06/14/20,Sunday,6,2,2020,TRUE
20200615,06/15/20,Monday,6,2,2020,FALSE
20200616,06/16/20,Tuesday,6,2,2020,FALSE
20200617,06/17/20,Wednesday,6,2,2020,FALSE
20200618,06/18/20,Thursday,6,2,2020,FALSE
20200619,06/19/20,Friday,6,2,2020,FALSE
20200620,06/20/20,Saturday,6,2,2020,TRUE
20200621,06/21/20,Sunday,6,2,2020,TRUE
20200622,06/22/20,Monday,6,2,2020,FALSE
20200623,06/23/20,Tuesday,6,2,2020,FALSE
20200624,06/24/20,Wednesday,6,2,2020,FALSE
20200625,06/25/20,Thursday,6,2,2020,FALSE
20200626,06/26/20,Friday,6,2,2020,FALSE
20200627,06/27/20,Saturday,6,2,2020,TRUE
20200628,06/28/20,Sunday,6,2,2020,TRUE
20200629,06/29/20,Monday,6,2,2020,FALSE
20200630,06/30/20,Tuesday,6,2,2020,FALSE
20200701,07/01/20,Wednesday,7,3,2020,FALSE
20200702,07/02/20,Thursday,7,3,2020,FALSE
20200703,07/03/20,Friday,7,3,2020,FALSE
20200704,07/04/20,Saturday,7,3,2020,TRUE
20200705,07/05/20,Sunday,7,3,2020,TRUE
20200706,07/06/20,Monday,7,3,2020,FALSE
20200707,07/07/20,Tuesday,7,3,2020,FALSE
20200708,07/08/20,Wednesday,7,3,2020,FALSE
20200709,07/09/20,Thursday,7,3,2020,FALSE
20200710,07/10/20,Friday,7,3,2020,FALSE
20200711,07/11/20,Saturday,7,3,2020,TRUE
20200712,07/12/20,Sunday,7,3,2020,TRUE
20200713,07/13/20,Monday,7,3,2020,FALSE
20200714,07/14/20,Tuesday,7,3,2020,FALSE
20200715,07/15/20,Wednesday,7,3,2020,FALSE
20200716,07/16/20,Thursday,7,3,2020,FALSE
20200717,07/17/20,Friday,7,3,2020,FALSE
20200718,07/18/20,Saturday,7,3,2020,TRUE
20200719,07/19/20,Sunday,7,3,2020,TRUE
20200720,07/20/20,Monday,7,3,2020,FALSE
20200721,07/21/20,Tuesday,7,3,2020,FALSE
20200722,07/22/20,Wednesday,7,3,2020,FALSE
20200723,07/23/20,Thursday,7,3,2020,FALSE
20200724,07/24/20,Friday,7,3,2020,FALSE
20200725,07/25/20,Saturday,7,3,2020,TRUE
20200726,07/26/20,Sunday,7,3,2020,TRUE
20200727,07/27/20,Monday,7,3,2020,FALSE
20200728,07/28/20,Tuesday,7,3,2020,FALSE
20200729,07/29/20,Wednesday,7,3,2020,FALSE
20200730,07/30/20,Thursday,7,3,2020,FALSE
20200731,07/31/20,Friday,7,3,2020,FALSE
20200801,08/01/20,Saturday,8,3,2020,TRUE
20200802,08/02/20,Sunday,8,3,2020,TRUE
20200803,08/03/20,Monday,8,3,2020,FALSE
20200804,08/04/20,Tuesday,8,3,2020,FALSE
20200805,08/05/20,Wednesday,8,3,2020,FALSE
20200806,08/06/20,Thursday,8,3,2020,FALSE
20200807,08/07/20,Friday,8,3,2020,FALSE
20200808,08/08/20,Saturday,8,3,2020,TRUE
20200809,08/09/20,Sunday,8,3,2020,TRUE
20200810,08/10/20,Monday,8,3,2020,FALSE
20200811,08/11/20,Tuesday,8,3,2020,FALSE
20200812,08/12/20,Wednesday,8,3,2020,FALSE
20200813,08/13/20,Thursday,8,3,2020,FALSE
20200814,08/14/20,Friday,8,3,2020,FALSE
20200815,08/15/20,Saturday,8,3,2020,TRUE
20200816,08/16/20,Sunday,8,3,2020,TRUE
20200817,08/17/20,Monday,8,3,2020,FALSE
20200818,08/18/20,Tuesday,8,3,2020,FALSE
20200819,08/19/20,Wednesday,8,3,2020,FALSE
20200820,08/20/20,Thursday,8,3,2020,FALSE
20200821,08/21/20,Friday,8,3,2020,FALSE
20200822,08/22/20,Saturday,8,3,2020,TRUE
20200823,08/23/20,Sunday,8,3,2020,TRUE
20200824,08/24/20,Monday,8,3,2020,FALSE
20200825,08/25/20,Tuesday,8,3,2020,FALSE
20200826,08/26/20,Wednesday,8,3,2020,FALSE
20200827,08/27/20,Thursday,8,3,2020,FALSE
20200828,08/28/20,Friday,8,3,2020,FALSE
20200829,08/29/20,Saturday,8,3,2020,TRUE
20200830,08/30/20,Sunday,8,3,2020,TRUE
20200831,08/31/20,Monday,8,3,2020,FALSE
20200901,09/01/20,Tuesday,9,3,2020,FALSE
20200902,09/02/20,Wednesday,9,3,2020,FALSE
20200903,09/03/20,Thursday,9,3,2020,FALSE
20200904,09/04/20,Friday,9,3,2020,FALSE
20200905,09/05/20,Saturday,9,3,2020,TRUE
20200906,09/06/20,Sunday,9,3,2020,TRUE
20200907,09/07/20,Monday,9,3,2020,FALSE
20200908,09/08/20,Tuesday,9,3,2020,FALSE
20200909,09/09/20,Wednesday,9,3,2020,FALSE
20200910,09/10/20,Thursday,9,3,2020,FALSE
20200911,09/11/20,Friday,9,3,2020,FALSE
20200912,09/12/20,Saturday,9,3,2020,TRUE
20200913,09/13/20,Sunday,9,3,2020,TRUE
20200914,09/14/20,Monday,9,3,2020,FALSE
20200915,09/15/20,Tuesday,9,3,2020,FALSE
20200916,09/16/20,Wednesday,9,3,2020,FALSE
20200917,09/17/20,Thursday,9,3,2020,FALSE
20200918,09/18/20,Friday,9,3,2020,FALSE
20200919,09/19/20,Saturday,9,3,2020,TRUE
20200920,09/20/20,Sunday,9,3,2020,TRUE
20200921,09/21/20,Monday,9,3,2020,FALSE
20200922,09/22/20,Tuesday,9,3,2020,FALSE
20200923,09/23/20,Wednesday,9,3,2020,FALSE
20200924,09/24/20,Thursday,9,3,2020,FALSE
20200925,09/25/20,Friday,9,3,2020,FALSE
20200926,09/26/20,Saturday,9,3,2020,TRUE
20200927,09/27/20,Sunday,9,3,2020,TRUE
20200928,09/28/20,Monday,9,3,2020,FALSE
20200929,09/29/20,Tuesday,9,3,2020,FALSE
20200930,09/30/20,Wednesday,9,3,2020,FALSE
20201001,10/01/20,Thursday,10,4,2020,FALSE
20201002,10/02/20,Friday,10,4,2020,FALSE
20201003,10/03/20,Saturday,10,4,2020,TRUE
20201004,10/04/20,Sunday,10,4,2020,TRUE
20201005,10/05/20,Monday,10,4,2020,FALSE
20201006,10/06/20,Tuesday,10,4,2020,FALSE
20201007,10/07/20,Wednesday,10,4,2020,FALSE
20201008,10/08/20,Thursday,10,4,2020,FALSE
20201009,10/09/20,Friday,10,4,2020,FALSE
20201010,10/10/20,Saturday,10,4,2020,TRUE
20201011,10/11/20,Sunday,10,4,2020,TRUE
20201012,10/12/20,Monday,10,4,2020,FALSE
20201013,10/13/20,Tuesday,10,4,2020,FALSE
20201014,10/14/20,Wednesday,10,4,2020,FALSE
20201015,10/15/20,Thursday,10,4,2020,FALSE
20201016,10/16/20,Friday,10,4,2020,FALSE
20201017,10/17/20,Saturday,10,4,2020,TRUE
20201018,10/18/20,Sunday,10,4,2020,TRUE
20201019,10/19/20,Monday,10,4,2020,FALSE
20201020,10/20/20,Tuesday,10,4,2020,FALSE
20201021,10/21/20,Wednesday,10,4,2020,FALSE
20201022,10/22/20,Thursday,10,4,2020,FALSE
20201023,10/23/20,Friday,10,4,2020,FALSE
20201024,10/24/20,Saturday,10,4,2020,TRUE
20201025,10/25/20,Sunday,10,4,2020,TRUE
20201026,10/26/20,Monday,10,4,2020,FALSE
20201027,10/27/20,Tuesday,10,4,2020,FALSE
20201028,10/28/20,Wednesday,10,4,2020,FALSE
20201029,10/29/20,Thursday,10,4,2020,FALSE
20201030,10/30/20,Friday,10,4,2020,FALSE
20201031,10/31/20,Saturday,10,4,2020,TRUE
20201101,11/01/20,Sunday,11,4,2020,TRUE
20201102,11/02/20,Monday,11,4,2020,FALSE
20201103,11/03/20,Tuesday,11,4,2020,FALSE
20201104,11/04/20,Wednesday,11,4,2020,FALSE
20201105,11/05/20,Thursday,11,4,2020,FALSE
20201106,11/06/20,Friday,11,4,2020,FALSE
20201107,11/07/20,Saturday,11,4,2020,TRUE
20201108,11/08/20,Sunday,11,4,2020,TRUE
20201109,11/09/20,Monday,11,4,2020,FALSE
20201110,11/10/20,Tuesday,11,4,2020,FALSE
20201111,11/11/20,Wednesday,11,4,2020,FALSE
20201112,11/12/20,Thursday,11,4,2020,FALSE
20201113,11/13/20,Friday,11,4,2020,FALSE
20201114,11/14/20,Saturday,11,4,2020,TRUE
20201115,11/15/20,Sunday,11,4,2020,TRUE
20201116,11/16/20,Monday,11,4,2020,FALSE
20201117,11/17/20,Tuesday,11,4,2020,FALSE
20201118,11/18/20,Wednesday,11,4,2020,FALSE
20201119,11/19/20,Thursday,11,4,2020,FALSE
20201120,11/20/20,Friday,11,4,2020,FALSE
20201121,11/21/20,Saturday,11,4,2020,TRUE
20201122,11/22/20,Sunday,11,4,2020,TRUE
20201123,11/23/20,Monday,11,4,2020,FALSE
20201124,11/24/20,Tuesday,11,4,2020,FALSE
20201125,11/25/20,Wednesday,11,4,2020,FALSE
20201126,11/26/20,Thursday,11,4,2020,FALSE
20201127,11/27/20,Friday,11,4,2020,FALSE
20201128,11/28/20,Saturday,11,4,2020,TRUE
20201129,11/29/20,Sunday,11,4,2020,TRUE
20201130,11/30/20,Monday,11,4,2020,FALSE
20201201,12/01/20,Tuesday,12,4,2020,FALSE
20201202,12/02/20,Wednesday,12,4,2020,FALSE
20201203,12/03/20,Thursday,12,4,2020,FALSE
20201204,12/04/20,Friday,12,4,2020,FALSE
20201205,12/05/20,Saturday,12,4,2020,TRUE
20201206,12/06/20,Sunday,12,4,2020,TRUE
20201207,12/07/20,Monday,12,4,2020,FALSE
20201208,12/08/20,Tuesday,12,4,2020,FALSE
20201209,12/09/20,Wednesday,12,4,2020,FALSE
20201210,12/10/20,Thursday,12,4,2020,FALSE
20201211,12/11/20,Friday,12,4,2020,FALSE
20201212,12/12/20,Saturday,12,4,2020,TRUE
20201213,12/13/20,Sunday,12,4,2020,TRUE
20201214,12/14/20,Monday,12,4,2020,FALSE
20201215,12/15/20,Tuesday,12,4,2020,FALSE
20201216,12/16/20,Wednesday,12,4,2020,FALSE
20201217,12/17/20,Thursday,12,4,2020,FALSE
20201218,12/18/20,Friday,12,4,2020,FALSE
20201219,12/19/20,Saturday,12,4,2020,TRUE
20201220,12/20/20,Sunday,12,4,2020,TRUE
20201221,12/21/20,Monday,12,4,2020,FALSE
20201222,12/22/20,Tuesday,12,4,2020,FALSE
20201223,12/23/20,Wednesday,12,4,2020,FALSE
20201224,12/24/20,Thursday,12,4,2020,FALSE
20201225,12/25/20,Friday,12,4,2020,FALSE
20201226,12/26/20,Saturday,12,4,2020,TRUE
20201227,12/27/20,Sunday,12,4,2020,TRUE
20201228,12/28/20,Monday,12,4,2020,FALSE
20201229,12/29/20,Tuesday,12,4,2020,FALSE
20201230,12/30/20,Wednesday,12,4,2020,FALSE
20201231,12/31/20,Thursday,12,4,2020,FALSE
20210101,01/01/21,Friday,1,1,2021,FALSE
20210102,01/02/21,Saturday,1,1,2021,TRUE
20210103,01/03/21,Sunday,1,1,2021,TRUE
20210104,01/04/21,Monday,1,1,2021,FALSE
20210105,01/05/21,Tuesday,1,1,2021,FALSE
20210106,01/06/21,Wednesday,1,1,2021,FALSE
20210107,01/07/21,Thursday,1,1,2021,FALSE
20210108,01/08/21,Friday,1,1,2021,FALSE
20210109,01/09/21,Saturday,1,1,2021,TRUE
20210110,01/10/21,Sunday,1,1,2021,TRUE
20210111,01/11/21,Monday,1,1,2021,FALSE
20210112,01/12/21,Tuesday,1,1,2021,FALSE
20210113,01/13/21,Wednesday,1,1,2021,FALSE
20210114,01/14/21,Thursday,1,1,2021,FALSE
20210115,01/15/21,Friday,1,1,2021,FALSE
20210116,01/16/21,Saturday,1,1,2021,TRUE
20210117,01/17/21,Sunday,1,1,2021,TRUE
20210118,01/18/21,Monday,1,1,2021,FALSE
20210119,01/19/21,Tuesday,1,1,2021,FALSE
20210120,01/20/21,Wednesday,1,1,2021,FALSE
20210121,01/21/21,Thursday,1,1,2021,FALSE
20210122,01/22/21,Friday,1,1,2021,FALSE
20210123,01/23/21,Saturday,1,1,2021,TRUE
20210124,01/24/21,Sunday,1,1,2021,TRUE
20210125,01/25/21,Monday,1,1,2021,FALSE
20210126,01/26/21,Tuesday,1,1,2021,FALSE
20210127,01/27/21,Wednesday,1,1,2021,FALSE
20210128,01/28/21,Thursday,1,1,2021,FALSE
20210129,01/29/21,Friday,1,1,2021,FALSE
20210130,01/30/21,Saturday,1,1,2021,TRUE
20210131,01/31/21,Sunday,1,1,2021,TRUE
20210201,02/01/21,Monday,2,1,2021,FALSE
20210202,02/02/21,Tuesday,2,1,2021,FALSE
20210203,02/03/21,Wednesday,2,1,2021,FALSE
20210204,02/04/21,Thursday,2,1,2021,FALSE
20210205,02/05/21,Friday,2,1,2021,FALSE
20210206,02/06/21,Saturday,2,1,2021,TRUE
20210207,02/07/21,Sunday,2,1,2021,TRUE
20210208,02/08/21,Monday,2,1,2021,FALSE
20210209,02/09/21,Tuesday,2,1,2021,FALSE
20210210,02/10/21,Wednesday,2,1,2021,FALSE
20210211,02/11/21,Thursday,2,1,2021,FALSE
20210212,02/12/21,Friday,2,1,2021,FALSE
20210213,02/13/21,Saturday,2,1,2021,TRUE
20210214,02/14/21,Sunday,2,1,2021,TRUE
20210215,02/15/21,Monday,2,1,2021,FALSE
20210216,02/16/21,Tuesday,2,1,2021,FALSE
20210217,02/17/21,Wednesday,2,1,2021,FALSE
20210218,02/18/21,Thursday,2,1,2021,FALSE
20210219,02/19/21,Friday,2,1,2021,FALSE
20210220,02/20/21,Saturday,2,1,2021,TRUE
20210221,02/21/21,Sunday,2,1,2021,TRUE
20210222,02/22/21,Monday,2,1,2021,FALSE
20210223,02/23/21,Tuesday,2,1,2021,FALSE
20210224,02/24/21,Wednesday,2,1,2021,FALSE
20210225,02/25/21,Thursday,2,1,2021,FALSE
20210226,02/26/21,Friday,2,1,2021,FALSE
20210227,02/27/21,Saturday,2,1,2021,TRUE
20210228,02/28/21,Sunday,2,1,2021,TRUE
20210301,03/01/21,Monday,3,1,2021,FALSE
20210302,03/02/21,Tuesday,3,1,2021,FALSE
20210303,03/03/21,Wednesday,3,1,2021,FALSE
20210304,03/04/21,Thursday,3,1,2021,FALSE
20210305,03/05/21,Friday,3,1,2021,FALSE
20210306,03/06/21,Saturday,3,1,2021,TRUE
20210307,03/07/21,Sunday,3,1,2021,TRUE
20210308,03/08/21,Monday,3,1,2021,FALSE
20210309,03/09/21,Tuesday,3,1,2021,FALSE
20210310,03/10/21,Wednesday,3,1,2021,FALSE
20210311,03/11/21,Thursday,3,1,2021,FALSE
20210312,03/12/21,Friday,3,1,2021,FALSE
20210313,03/13/21,Saturday,3,1,2021,TRUE
20210314,03/14/21,Sunday,3,1,2021,TRUE
20210315,03/15/21,Monday,3,1,2021,FALSE
20210316,03/16/21,Tuesday,3,1,2021,FALSE
20210317,03/17/21,Wednesday,3,1,2021,FALSE
20210318,03/18/21,Thursday,3,1,2021,FALSE
20210319,03/19/21,Friday,3,1,2021,FALSE
20210320,03/20/21,Saturday,3,1,2021,TRUE
20210321,03/21/21,Sunday,3,1,2021,TRUE
20210322,03/22/21,Monday,3,1,2021,FALSE
20210323,03/23/21,Tuesday,3,1,2021,FALSE
20210324,03/24/21,Wednesday,3,1,2021,FALSE
20210325,03/25/21,Thursday,3,1,2021,FALSE
20210326,03/26/21,Friday,3,1,2021,FALSE
20210327,03/27/21,Saturday,3,1,2021,TRUE
20210328,03/28/21,Sunday,3,1,2021,TRUE
20210329,03/29/21,Monday,3,1,2021,FALSE
20210330,03/30/21,Tuesday,3,1,2021,FALSE
20210331,03/31/21,Wednesday,3,1,2021,FALSE
20210401,04/01/21,Thursday,4,2,2021,FALSE
20210402,04/02/21,Friday,4,2,2021,FALSE
20210403,04/03/21,Saturday,4,2,2021,TRUE
20210404,04/04/21,Sunday,4,2,2021,TRUE
20210405,04/05/21,Monday,4,2,2021,FALSE
20210406,04/06/21,Tuesday,4,2,2021,FALSE
20210407,04/07/21,Wednesday,4,2,2021,FALSE
20210408,04/08/21,Thursday,4,2,2021,FALSE
20210409,04/09/21,Friday,4,2,2021,FALSE
20210410,04/10/21,Saturday,4,2,2021,TRUE
20210411,04/11/21,Sunday,4,2,2021,TRUE
20210412,04/12/21,Monday,4,2,2021,FALSE
20210413,04/13/21,Tuesday,4,2,2021,FALSE
20210414,04/14/21,Wednesday,4,2,2021,FALSE
20210415,04/15/21,Thursday,4,2,2021,FALSE
20210416,04/16/21,Friday,4,2,2021,FALSE
20210417,04/17/21,Saturday,4,2,2021,TRUE
20210418,04/18/21,Sunday,4,2,2021,TRUE
20210419,04/19/21,Monday,4,2,2021,FALSE
20210420,04/20/21,Tuesday,4,2,2021,FALSE
20210421,04/21/21,Wednesday,4,2,2021,FALSE
20210422,04/22/21,Thursday,4,2,2021,FALSE
20210423,04/23/21,Friday,4,2,2021,FALSE
20210424,04/24/21,Saturday,4,2,2021,TRUE
20210425,04/25/21,Sunday,4,2,2021,TRUE
20210426,04/26/21,Monday,4,2,2021,FALSE
20210427,04/27/21,Tuesday,4,2,2021,FALSE
20210428,04/28/21,Wednesday,4,2,2021,FALSE
20210429,04/29/21,Thursday,4,2,2021,FALSE
20210430,04/30/21,Friday,4,2,2021,FALSE
20210501,05/01/21,Saturday,5,2,2021,TRUE
20210502,05/02/21,Sunday,5,2,2021,TRUE
20210503,05/03/21,Monday,5,2,2021,FALSE
20210504,05/04/21,Tuesday,5,2,2021,FALSE
20210505,05/05/21,Wednesday,5,2,2021,FALSE
20210506,05/06/21,Thursday,5,2,2021,FALSE
20210507,05/07/21,Friday,5,2,2021,FALSE
20210508,05/08/21,Saturday,5,2,2021,TRUE
20210509,05/09/21,Sunday,5,2,2021,TRUE
20210510,05/10/21,Monday,5,2,2021,FALSE
20210511,05/11/21,Tuesday,5,2,2021,FALSE
20210512,05/12/21,Wednesday,5,2,2021,FALSE
20210513,05/13/21,Thursday,5,2,2021,FALSE
20210514,05/14/21,Friday,5,2,2021,FALSE
20210515,05/15/21,Saturday,5,2,2021,TRUE
20210516,05/16/21,Sunday,5,2,2021,TRUE
20210517,05/17/21,Monday,5,2,2021,FALSE
20210518,05/18/21,Tuesday,5,2,2021,FALSE
20210519,05/19/21,Wednesday,5,2,2021,FALSE
20210520,05/20/21,Thursday,5,2,2021,FALSE
20210521,05/21/21,Friday,5,2,2021,FALSE
20210522,05/22/21,Saturday,5,2,2021,TRUE
20210523,05/23/21,Sunday,5,2,2021,TRUE
20210524,05/24/21,Monday,5,2,2021,FALSE
20210525,05/25/21,Tuesday,5,2,2021,FALSE
20210526,05/26/21,Wednesday,5,2,2021,FALSE
20210527,05/27/21,Thursday,5,2,2021,FALSE
20210528,05/28/21,Friday,5,2,2021,FALSE
20210529,05/29/21,Saturday,5,2,2021,TRUE
20210530,05/30/21,Sunday,5,2,2021,TRUE
20210531,05/31/21,Monday,5,2,2021,FALSE
20210601,06/01/21,Tuesday,6,2,2021,FALSE
20210602,06/02/21,Wednesday,6,2,2021,FALSE
20210603,06/03/21,Thursday,6,2,2021,FALSE
20210604,06/04/21,Friday,6,2,2021,FALSE
20210605,06/05/21,Saturday,6,2,2021,TRUE
20210606,06/06/21,Sunday,6,2,2021,TRUE
20210607,06/07/21,Monday,6,2,2021,FALSE
20210608,06/08/21,Tuesday,6,2,2021,FALSE
20210609,06/09/21,Wednesday,6,2,2021,FALSE
20210610,06/10/21,Thursday,6,2,2021,FALSE
20210611,06/11/21,Friday,6,2,2021,FALSE
20210612,06/12/21,Saturday,6,2,2021,TRUE
20210613,06/13/21,Sunday,6,2,2021,TRUE
20210614,06/14/21,Monday,6,2,2021,FALSE
20210615,06/15/21,Tuesday,6,2,2021,FALSE
20210616,06/16/21,Wednesday,6,2,2021,FALSE
20210617,06/17/21,Thursday,6,2,2021,FALSE
20210618,06/18/21,Friday,6,2,2021,FALSE
20210619,06/19/21,Saturday,6,2,2021,TRUE
20210620,06/20/21,Sunday,6,2,2021,TRUE
20210621,06/21/21,Monday,6,2,2021,FALSE
20210622,06/22/21,Tuesday,6,2,2021,FALSE
20210623,06/23/21,Wednesday,6,2,2021,FALSE
20210624,06/24/21,Thursday,6,2,2021,FALSE
20210625,06/25/21,Friday,6,2,2021,FALSE
20210626,06/26/21,Saturday,6,2,2021,TRUE
20210627,06/27/21,Sunday,6,2,2021,TRUE
20210628,06/28/21,Monday,6,2,2021,FALSE
20210629,06/29/21,Tuesday,6,2,2021,FALSE
20210630,06/30/21,Wednesday,6,2,2021,FALSE
20210701,07/01/21,Thursday,7,3,2021,FALSE
20210702,07/02/21,Friday,7,3,2021,FALSE
20210703,07/03/21,Saturday,7,3,2021,TRUE
20210704,07/04/21,Sunday,7,3,2021,TRUE
20210705,07/05/21,Monday,7,3,2021,FALSE
20210706,07/06/21,Tuesday,7,3,2021,FALSE
20210707,07/07/21,Wednesday,7,3,2021,FALSE
20210708,07/08/21,Thursday,7,3,2021,FALSE
20210709,07/09/21,Friday,7,3,2021,FALSE
20210710,07/10/21,Saturday,7,3,2021,TRUE
20210711,07/11/21,Sunday,7,3,2021,TRUE
20210712,07/12/21,Monday,7,3,2021,FALSE
20210713,07/13/21,Tuesday,7,3,2021,FALSE
20210714,07/14/21,Wednesday,7,3,2021,FALSE
20210715,07/15/21,Thursday,7,3,2021,FALSE
20210716,07/16/21,Friday,7,3,2021,FALSE
20210717,07/17/21,Saturday,7,3,2021,TRUE
20210718,07/18/21,Sunday,7,3,2021,TRUE
20210719,07/19/21,Monday,7,3,2021,FALSE
20210720,07/20/21,Tuesday,7,3,2021,FALSE
20210721,07/21/21,Wednesday,7,3,2021,FALSE
20210722,07/22/21,Thursday,7,3,2021,FALSE
20210723,07/23/21,Friday,7,3,2021,FALSE
20210724,07/24/21,Saturday,7,3,2021,TRUE
20210725,07/25/21,Sunday,7,3,2021,TRUE
20210726,07/26/21,Monday,7,3,2021,FALSE
20210727,07/27/21,Tuesday,7,3,2021,FALSE
20210728,07/28/21,Wednesday,7,3,2021,FALSE
20210729,07/29/21,Thursday,7,3,2021,FALSE
20210730,07/30/21,Friday,7,3,2021,FALSE
20210731,07/31/21,Saturday,7,3,2021,TRUE
20210801,08/01/21,Sunday,8,3,2021,TRUE
20210802,08/02/21,Monday,8,3,2021,FALSE
20210803,08/03/21,Tuesday,8,3,2021,FALSE
20210804,08/04/21,Wednesday,8,3,2021,FALSE
20210805,08/05/21,Thursday,8,3,2021,FALSE
20210806,08/06/21,Friday,8,3,2021,FALSE
20210807,08/07/21,Saturday,8,3,2021,TRUE
20210808,08/08/21,Sunday,8,3,2021,TRUE
20210809,08/09/21,Monday,8,3,2021,FALSE
20210810,08/10/21,Tuesday,8,3,2021,FALSE
20210811,08/11/21,Wednesday,8,3,2021,FALSE
20210812,08/12/21,Thursday,8,3,2021,FALSE
20210813,08/13/21,Friday,8,3,2021,FALSE
20210814,08/14/21,Saturday,8,3,2021,TRUE
20210815,08/15/21,Sunday,8,3,2021,TRUE
20210816,08/16/21,Monday,8,3,2021,FALSE
20210817,08/17/21,Tuesday,8,3,2021,FALSE
20210818,08/18/21,Wednesday,8,3,2021,FALSE
20210819,08/19/21,Thursday,8,3,2021,FALSE
20210820,08/20/21,Friday,8,3,2021,FALSE
20210821,08/21/21,Saturday,8,3,2021,TRUE
20210822,08/22/21,Sunday,8,3,2021,TRUE
20210823,08/23/21,Monday,8,3,2021,FALSE
20210824,08/24/21,Tuesday,8,3,2021,FALSE
20210825,08/25/21,Wednesday,8,3,2021,FALSE
20210826,08/26/21,Thursday,8,3,2021,FALSE
20210827,08/27/21,Friday,8,3,2021,FALSE
20210828,08/28/21,Saturday,8,3,2021,TRUE
20210829,08/29/21,Sunday,8,3,2021,TRUE
20210830,08/30/21,Monday,8,3,2021,FALSE
20210831,08/31/21,Tuesday,8,3,2021,FALSE
20210901,09/01/21,Wednesday,9,3,2021,FALSE
20210902,09/02/21,Thursday,9,3,2021,FALSE
20210903,09/03/21,Friday,9,3,2021,FALSE
20210904,09/04/21,Saturday,9,3,2021,TRUE
20210905,09/05/21,Sunday,9,3,2021,TRUE
20210906,09/06/21,Monday,9,3,2021,FALSE
20210907,09/07/21,Tuesday,9,3,2021,FALSE
20210908,09/08/21,Wednesday,9,3,2021,FALSE
20210909,09/09/21,Thursday,9,3,2021,FALSE
20210910,09/10/21,Friday,9,3,2021,FALSE
20210911,09/11/21,Saturday,9,3,2021,TRUE
20210912,09/12/21,Sunday,9,3,2021,TRUE
20210913,09/13/21,Monday,9,3,2021,FALSE
20210914,09/14/21,Tuesday,9,3,2021,FALSE
20210915,09/15/21,Wednesday,9,3,2021,FALSE
20210916,09/16/21,Thursday,9,3,2021,FALSE
20210917,09/17/21,Friday,9,3,2021,FALSE
20210918,09/18/21,Saturday,9,3,2021,TRUE
20210919,09/19/21,Sunday,9,3,2021,TRUE
20210920,09/20/21,Monday,9,3,2021,FALSE
20210921,09/21/21,Tuesday,9,3,2021,FALSE
20210922,09/22/21,Wednesday,9,3,2021,FALSE
20210923,09/23/21,Thursday,9,3,2021,FALSE
20210924,09/24/21,Friday,9,3,2021,FALSE
20210925,09/25/21,Saturday,9,3,2021,TRUE
20210926,09/26/21,Sunday,9,3,2021,TRUE
20210927,09/27/21,Monday,9,3,2021,FALSE
20210928,09/28/21,Tuesday,9,3,2021,FALSE
20210929,09/29/21,Wednesday,9,3,2021,FALSE
20210930,09/30/21,Thursday,9,3,2021,FALSE
20211001,10/01/21,Friday,10,4,2021,FALSE
20211002,10/02/21,Saturday,10,4,2021,TRUE
20211003,10/03/21,Sunday,10,4,2021,TRUE
20211004,10/04/21,Monday,10,4,2021,FALSE
20211005,10/05/21,Tuesday,10,4,2021,FALSE
20211006,10/06/21,Wednesday,10,4,2021,FALSE
20211007,10/07/21,Thursday,10,4,2021,FALSE
20211008,10/08/21,Friday,10,4,2021,FALSE
20211009,10/09/21,Saturday,10,4,2021,TRUE
20211010,10/10/21,Sunday,10,4,2021,TRUE
20211011,10/11/21,Monday,10,4,2021,FALSE
20211012,10/12/21,Tuesday,10,4,2021,FALSE
20211013,10/13/21,Wednesday,10,4,2021,FALSE
20211014,10/14/21,Thursday,10,4,2021,FALSE
20211015,10/15/21,Friday,10,4,2021,FALSE
20211016,10/16/21,Saturday,10,4,2021,TRUE
20211017,10/17/21,Sunday,10,4,2021,TRUE
20211018,10/18/21,Monday,10,4,2021,FALSE
20211019,10/19/21,Tuesday,10,4,2021,FALSE
20211020,10/20/21,Wednesday,10,4,2021,FALSE
20211021,10/21/21,Thursday,10,4,2021,FALSE
20211022,10/22/21,Friday,10,4,2021,FALSE
20211023,10/23/21,Saturday,10,4,2021,TRUE
20211024,10/24/21,Sunday,10,4,2021,TRUE
20211025,10/25/21,Monday,10,4,2021,FALSE
20211026,10/26/21,Tuesday,10,4,2021,FALSE
20211027,10/27/21,Wednesday,10,4,2021,FALSE
20211028,10/28/21,Thursday,10,4,2021,FALSE
20211029,10/29/21,Friday,10,4,2021,FALSE
20211030,10/30/21,Saturday,10,4,2021,TRUE
20211031,10/31/21,Sunday,10,4,2021,TRUE
20211101,11/01/21,Monday,11,4,2021,FALSE
20211102,11/02/21,Tuesday,11,4,2021,FALSE
20211103,11/03/21,Wednesday,11,4,2021,FALSE
20211104,11/04/21,Thursday,11,4,2021,FALSE
20211105,11/05/21,Friday,11,4,2021,FALSE
20211106,11/06/21,Saturday,11,4,2021,TRUE
20211107,11/07/21,Sunday,11,4,2021,TRUE
20211108,11/08/21,Monday,11,4,2021,FALSE
20211109,11/09/21,Tuesday,11,4,2021,FALSE
20211110,11/10/21,Wednesday,11,4,2021,FALSE
20211111,11/11/21,Thursday,11,4,2021,FALSE
20211112,11/12/21,Friday,11,4,2021,FALSE
20211113,11/13/21,Saturday,11,4,2021,TRUE
20211114,11/14/21,Sunday,11,4,2021,TRUE
20211115,11/15/21,Monday,11,4,2021,FALSE
20211116,11/16/21,Tuesday,11,4,2021,FALSE
20211117,11/17/21,Wednesday,11,4,2021,FALSE
20211118,11/18/21,Thursday,11,4,2021,FALSE
20211119,11/19/21,Friday,11,4,2021,FALSE
20211120,11/20/21,Saturday,11,4,2021,TRUE
20211121,11/21/21,Sunday,11,4,2021,TRUE
20211122,11/22/21,Monday,11,4,2021,FALSE
20211123,11/23/21,Tuesday,11,4,2021,FALSE
20211124,11/24/21,Wednesday,11,4,2021,FALSE
20211125,11/25/21,Thursday,11,4,2021,FALSE
20211126,11/26/21,Friday,11,4,2021,FALSE
20211127,11/27/21,Saturday,11,4,2021,TRUE
20211128,11/28/21,Sunday,11,4,2021,TRUE
20211129,11/29/21,Monday,11,4,2021,FALSE
20211130,11/30/21,Tuesday,11,4,2021,FALSE
20211201,12/01/21,Wednesday,12,4,2021,FALSE
20211202,12/02/21,Thursday,12,4,2021,FALSE
20211203,12/03/21,Friday,12,4,2021,FALSE
20211204,12/04/21,Saturday,12,4,2021,TRUE
20211205,12/05/21,Sunday,12,4,2021,TRUE
20211206,12/06/21,Monday,12,4,2021,FALSE
20211207,12/07/21,Tuesday,12,4,2021,FALSE
20211208,12/08/21,Wednesday,12,4,2021,FALSE
20211209,12/09/21,Thursday,12,4,2021,FALSE
20211210,12/10/21,Friday,12,4,2021,FALSE
20211211,12/11/21,Saturday,12,4,2021,TRUE
20211212,12/12/21,Sunday,12,4,2021,TRUE
20211213,12/13/21,Monday,12,4,2021,FALSE
20211214,12/14/21,Tuesday,12,4,2021,FALSE
20211215,12/15/21,Wednesday,12,4,2021,FALSE
20211216,12/16/21,Thursday,12,4,2021,FALSE
20211217,12/17/21,Friday,12,4,2021,FALSE
20211218,12/18/21,Saturday,12,4,2021,TRUE
20211219,12/19/21,Sunday,12,4,2021,TRUE
20211220,12/20/21,Monday,12,4,2021,FALSE
20211221,12/21/21,Tuesday,12,4,2021,FALSE
20211222,12/22/21,Wednesday,12,4,2021,FALSE
20211223,12/23/21,Thursday,12,4,2021,FALSE
20211224,12/24/21,Friday,12,4,2021,FALSE
20211225,12/25/21,Saturday,12,4,2021,TRUE
20211226,12/26/21,Sunday,12,4,2021,TRUE
20211227,12/27/21,Monday,12,4,2021,FALSE
20211228,12/28/21,Tuesday,12,4,2021,FALSE
20211229,12/29/21,Wednesday,12,4,2021,FALSE
20211230,12/30/21,Thursday,12,4,2021,FALSE
20211231,12/31/21,Friday,12,4,2021,FALSE
20220101,01/01/22,Saturday,1,1,2022,TRUE
20220102,01/02/22,Sunday,1,1,2022,TRUE
20220103,01/03/22,Monday,1,1,2022,FALSE
20220104,01/04/22,Tuesday,1,1,2022,FALSE
20220105,01/05/22,Wednesday,1,1,2022,FALSE
20220106,01/06/22,Thursday,1,1,2022,FALSE
20220107,01/07/22,Friday,1,1,2022,FALSE
20220108,01/08/22,Saturday,1,1,2022,TRUE
20220109,01/09/22,Sunday,1,1,2022,TRUE
20220110,01/10/22,Monday,1,1,2022,FALSE
20220111,01/11/22,Tuesday,1,1,2022,FALSE
20220112,01/12/22,Wednesday,1,1,2022,FALSE
20220113,01/13/22,Thursday,1,1,2022,FALSE
20220114,01/14/22,Friday,1,1,2022,FALSE
20220115,01/15/22,Saturday,1,1,2022,TRUE
20220116,01/16/22,Sunday,1,1,2022,TRUE
20220117,01/17/22,Monday,1,1,2022,FALSE
20220118,01/18/22,Tuesday,1,1,2022,FALSE
20220119,01/19/22,Wednesday,1,1,2022,FALSE
20220120,01/20/22,Thursday,1,1,2022,FALSE
20220121,01/21/22,Friday,1,1,2022,FALSE
20220122,01/22/22,Saturday,1,1,2022,TRUE
20220123,01/23/22,Sunday,1,1,2022,TRUE
20220124,01/24/22,Monday,1,1,2022,FALSE
20220125,01/25/22,Tuesday,1,1,2022,FALSE
20220126,01/26/22,Wednesday,1,1,2022,FALSE
20220127,01/27/22,Thursday,1,1,2022,FALSE
20220128,01/28/22,Friday,1,1,2022,FALSE
20220129,01/29/22,Saturday,1,1,2022,TRUE
20220130,01/30/22,Sunday,1,1,2022,TRUE
20220131,01/31/22,Monday,1,1,2022,FALSE
20220201,02/01/22,Tuesday,2,1,2022,FALSE
20220202,02/02/22,Wednesday,2,1,2022,FALSE
20220203,02/03/22,Thursday,2,1,2022,FALSE
20220204,02/04/22,Friday,2,1,2022,FALSE
20220205,02/05/22,Saturday,2,1,2022,TRUE
20220206,02/06/22,Sunday,2,1,2022,TRUE
20220207,02/07/22,Monday,2,1,2022,FALSE
20220208,02/08/22,Tuesday,2,1,2022,FALSE
20220209,02/09/22,Wednesday,2,1,2022,FALSE
20220210,02/10/22,Thursday,2,1,2022,FALSE
20220211,02/11/22,Friday,2,1,2022,FALSE
20220212,02/12/22,Saturday,2,1,2022,TRUE
20220213,02/13/22,Sunday,2,1,2022,TRUE
20220214,02/14/22,Monday,2,1,2022,FALSE
20220215,02/15/22,Tuesday,2,1,2022,FALSE
20220216,02/16/22,Wednesday,2,1,2022,FALSE
20220217,02/17/22,Thursday,2,1,2022,FALSE
20220218,02/18/22,Friday,2,1,2022,FALSE
20220219,02/19/22,Saturday,2,1,2022,TRUE
20220220,02/20/22,Sunday,2,1,2022,TRUE
20220221,02/21/22,Monday,2,1,2022,FALSE
20220222,02/22/22,Tuesday,2,1,2022,FALSE
20220223,02/23/22,Wednesday,2,1,2022,FALSE
20220224,02/24/22,Thursday,2,1,2022,FALSE
20220225,02/25/22,Friday,2,1,2022,FALSE
20220226,02/26/22,Saturday,2,1,2022,TRUE
20220227,02/27/22,Sunday,2,1,2022,TRUE
20220228,02/28/22,Monday,2,1,2022,FALSE
20220301,03/01/22,Tuesday,3,1,2022,FALSE
20220302,03/02/22,Wednesday,3,1,2022,FALSE
20220303,03/03/22,Thursday,3,1,2022,FALSE
20220304,03/04/22,Friday,3,1,2022,FALSE
20220305,03/05/22,Saturday,3,1,2022,TRUE
20220306,03/06/22,Sunday,3,1,2022,TRUE
20220307,03/07/22,Monday,3,1,2022,FALSE
20220308,03/08/22,Tuesday,3,1,2022,FALSE
20220309,03/09/22,Wednesday,3,1,2022,FALSE
20220310,03/10/22,Thursday,3,1,2022,FALSE
20220311,03/11/22,Friday,3,1,2022,FALSE
20220312,03/12/22,Saturday,3,1,2022,TRUE
20220313,03/13/22,Sunday,3,1,2022,TRUE
20220314,03/14/22,Monday,3,1,2022,FALSE
20220315,03/15/22,Tuesday,3,1,2022,FALSE
20220316,03/16/22,Wednesday,3,1,2022,FALSE
20220317,03/17/22,Thursday,3,1,2022,FALSE
20220318,03/18/22,Friday,3,1,2022,FALSE
20220319,03/19/22,Saturday,3,1,2022,TRUE
20220320,03/20/22,Sunday,3,1,2022,TRUE
20220321,03/21/22,Monday,3,1,2022,FALSE
20220322,03/22/22,Tuesday,3,1,2022,FALSE
20220323,03/23/22,Wednesday,3,1,2022,FALSE
20220324,03/24/22,Thursday,3,1,2022,FALSE
20220325,03/25/22,Friday,3,1,2022,FALSE
20220326,03/26/22,Saturday,3,1,2022,TRUE
20220327,03/27/22,Sunday,3,1,2022,TRUE
20220328,03/28/22,Monday,3,1,2022,FALSE
20220329,03/29/22,Tuesday,3,1,2022,FALSE
20220330,03/30/22,Wednesday,3,1,2022,FALSE
20220331,03/31/22,Thursday,3,1,2022,FALSE
20220401,04/01/22,Friday,4,2,2022,FALSE
20220402,04/02/22,Saturday,4,2,2022,TRUE
20220403,04/03/22,Sunday,4,2,2022,TRUE
20220404,04/04/22,Monday,4,2,2022,FALSE
20220405,04/05/22,Tuesday,4,2,2022,FALSE
20220406,04/06/22,Wednesday,4,2,2022,FALSE
20220407,04/07/22,Thursday,4,2,2022,FALSE
20220408,04/08/22,Friday,4,2,2022,FALSE
20220409,04/09/22,Saturday,4,2,2022,TRUE
20220410,04/10/22,Sunday,4,2,2022,TRUE
20220411,04/11/22,Monday,4,2,2022,FALSE
20220412,04/12/22,Tuesday,4,2,2022,FALSE
20220413,04/13/22,Wednesday,4,2,2022,FALSE
20220414,04/14/22,Thursday,4,2,2022,FALSE
20220415,04/15/22,Friday,4,2,2022,FALSE
20220416,04/16/22,Saturday,4,2,2022,TRUE
20220417,04/17/22,Sunday,4,2,2022,TRUE
20220418,04/18/22,Monday,4,2,2022,FALSE
20220419,04/19/22,Tuesday,4,2,2022,FALSE
20220420,04/20/22,Wednesday,4,2,2022,FALSE
20220421,04/21/22,Thursday,4,2,2022,FALSE
20220422,04/22/22,Friday,4,2,2022,FALSE
20220423,04/23/22,Saturday,4,2,2022,TRUE
20220424,04/24/22,Sunday,4,2,2022,TRUE
20220425,04/25/22,Monday,4,2,2022,FALSE
20220426,04/26/22,Tuesday,4,2,2022,FALSE
20220427,04/27/22,Wednesday,4,2,2022,FALSE
20220428,04/28/22,Thursday,4,2,2022,FALSE
20220429,04/29/22,Friday,4,2,2022,FALSE
20220430,04/30/22,Saturday,4,2,2022,TRUE
20220501,05/01/22,Sunday,5,2,2022,TRUE
20220502,05/02/22,Monday,5,2,2022,FALSE
20220503,05/03/22,Tuesday,5,2,2022,FALSE
20220504,05/04/22,Wednesday,5,2,2022,FALSE
20220505,05/05/22,Thursday,5,2,2022,FALSE
20220506,05/06/22,Friday,5,2,2022,FALSE
20220507,05/07/22,Saturday,5,2,2022,TRUE
20220508,05/08/22,Sunday,5,2,2022,TRUE
20220509,05/09/22,Monday,5,2,2022,FALSE
20220510,05/10/22,Tuesday,5,2,2022,FALSE
20220511,05/11/22,Wednesday,5,2,2022,FALSE
20220512,05/12/22,Thursday,5,2,2022,FALSE
20220513,05/13/22,Friday,5,2,2022,FALSE
20220514,05/14/22,Saturday,5,2,2022,TRUE
20220515,05/15/22,Sunday,5,2,2022,TRUE
20220516,05/16/22,Monday,5,2,2022,FALSE
20220517,05/17/22,Tuesday,5,2,2022,FALSE
20220518,05/18/22,Wednesday,5,2,2022,FALSE
20220519,05/19/22,Thursday,5,2,2022,FALSE
20220520,05/20/22,Friday,5,2,2022,FALSE
20220521,05/21/22,Saturday,5,2,2022,TRUE
20220522,05/22/22,Sunday,5,2,2022,TRUE
20220523,05/23/22,Monday,5,2,2022,FALSE
20220524,05/24/22,Tuesday,5,2,2022,FALSE
20220525,05/25/22,Wednesday,5,2,2022,FALSE
20220526,05/26/22,Thursday,5,2,2022,FALSE
20220527,05/27/22,Friday,5,2,2022,FALSE
20220528,05/28/22,Saturday,5,2,2022,TRUE
20220529,05/29/22,Sunday,5,2,2022,TRUE
20220530,05/30/22,Monday,5,2,2022,FALSE
20220531,05/31/22,Tuesday,5,2,2022,FALSE
20220601,06/01/22,Wednesday,6,2,2022,FALSE
20220602,06/02/22,Thursday,6,2,2022,FALSE
20220603,06/03/22,Friday,6,2,2022,FALSE
20220604,06/04/22,Saturday,6,2,2022,TRUE
20220605,06/05/22,Sunday,6,2,2022,TRUE
20220606,06/06/22,Monday,6,2,2022,FALSE
20220607,06/07/22,Tuesday,6,2,2022,FALSE
20220608,06/08/22,Wednesday,6,2,2022,FALSE
20220609,06/09/22,Thursday,6,2,2022,FALSE
20220610,06/10/22,Friday,6,2,2022,FALSE
20220611,06/11/22,Saturday,6,2,2022,TRUE
20220612,06/12/22,Sunday,6,2,2022,TRUE
20220613,06/13/22,Monday,6,2,2022,FALSE
20220614,06/14/22,Tuesday,6,2,2022,FALSE
20220615,06/15/22,Wednesday,6,2,2022,FALSE
20220616,06/16/22,Thursday,6,2,2022,FALSE
20220617,06/17/22,Friday,6,2,2022,FALSE
20220618,06/18/22,Saturday,6,2,2022,TRUE
20220619,06/19/22,Sunday,6,2,2022,TRUE
20220620,06/20/22,Monday,6,2,2022,FALSE
20220621,06/21/22,Tuesday,6,2,2022,FALSE
20220622,06/22/22,Wednesday,6,2,2022,FALSE
20220623,06/23/22,Thursday,6,2,2022,FALSE
20220624,06/24/22,Friday,6,2,2022,FALSE
20220625,06/25/22,Saturday,6,2,2022,TRUE
20220626,06/26/22,Sunday,6,2,2022,TRUE
20220627,06/27/22,Monday,6,2,2022,FALSE
20220628,06/28/22,Tuesday,6,2,2022,FALSE
20220629,06/29/22,Wednesday,6,2,2022,FALSE
20220630,06/30/22,Thursday,6,2,2022,FALSE
20220701,07/01/22,Friday,7,3,2022,FALSE
20220702,07/02/22,Saturday,7,3,2022,TRUE
20220703,07/03/22,Sunday,7,3,2022,TRUE
20220704,07/04/22,Monday,7,3,2022,FALSE
20220705,07/05/22,Tuesday,7,3,2022,FALSE
20220706,07/06/22,Wednesday,7,3,2022,FALSE
20220707,07/07/22,Thursday,7,3,2022,FALSE
20220708,07/08/22,Friday,7,3,2022,FALSE
20220709,07/09/22,Saturday,7,3,2022,TRUE
20220710,07/10/22,Sunday,7,3,2022,TRUE
20220711,07/11/22,Monday,7,3,2022,FALSE
20220712,07/12/22,Tuesday,7,3,2022,FALSE
20220713,07/13/22,Wednesday,7,3,2022,FALSE
20220714,07/14/22,Thursday,7,3,2022,FALSE
20220715,07/15/22,Friday,7,3,2022,FALSE
20220716,07/16/22,Saturday,7,3,2022,TRUE
20220717,07/17/22,Sunday,7,3,2022,TRUE
20220718,07/18/22,Monday,7,3,2022,FALSE
20220719,07/19/22,Tuesday,7,3,2022,FALSE
20220720,07/20/22,Wednesday,7,3,2022,FALSE
20220721,07/21/22,Thursday,7,3,2022,FALSE
20220722,07/22/22,Friday,7,3,2022,FALSE
20220723,07/23/22,Saturday,7,3,2022,TRUE
20220724,07/24/22,Sunday,7,3,2022,TRUE
20220725,07/25/22,Monday,7,3,2022,FALSE
20220726,07/26/22,Tuesday,7,3,2022,FALSE
20220727,07/27/22,Wednesday,7,3,2022,FALSE
20220728,07/28/22,Thursday,7,3,2022,FALSE
20220729,07/29/22,Friday,7,3,2022,FALSE
20220730,07/30/22,Saturday,7,3,2022,TRUE
20220731,07/31/22,Sunday,7,3,2022,TRUE
20220801,08/01/22,Monday,8,3,2022,FALSE
20220802,08/02/22,Tuesday,8,3,2022,FALSE
20220803,08/03/22,Wednesday,8,3,2022,FALSE
20220804,08/04/22,Thursday,8,3,2022,FALSE
20220805,08/05/22,Friday,8,3,2022,FALSE
20220806,08/06/22,Saturday,8,3,2022,TRUE
20220807,08/07/22,Sunday,8,3,2022,TRUE
20220808,08/08/22,Monday,8,3,2022,FALSE
20220809,08/09/22,Tuesday,8,3,2022,FALSE
20220810,08/10/22,Wednesday,8,3,2022,FALSE
20220811,08/11/22,Thursday,8,3,2022,FALSE
20220812,08/12/22,Friday,8,3,2022,FALSE
20220813,08/13/22,Saturday,8,3,2022,TRUE
20220814,08/14/22,Sunday,8,3,2022,TRUE
20220815,08/15/22,Monday,8,3,2022,FALSE
20220816,08/16/22,Tuesday,8,3,2022,FALSE
20220817,08/17/22,Wednesday,8,3,2022,FALSE
20220818,08/18/22,Thursday,8,3,2022,FALSE
20220819,08/19/22,Friday,8,3,2022,FALSE
20220820,08/20/22,Saturday,8,3,2022,TRUE
20220821,08/21/22,Sunday,8,3,2022,TRUE
20220822,08/22/22,Monday,8,3,2022,FALSE
20220823,08/23/22,Tuesday,8,3,2022,FALSE
20220824,08/24/22,Wednesday,8,3,2022,FALSE
20220825,08/25/22,Thursday,8,3,2022,FALSE
20220826,08/26/22,Friday,8,3,2022,FALSE
20220827,08/27/22,Saturday,8,3,2022,TRUE
20220828,08/28/22,Sunday,8,3,2022,TRUE
20220829,08/29/22,Monday,8,3,2022,FALSE
20220830,08/30/22,Tuesday,8,3,2022,FALSE
20220831,08/31/22,Wednesday,8,3,2022,FALSE
20220901,09/01/22,Thursday,9,3,2022,FALSE
20220902,09/02/22,Friday,9,3,2022,FALSE
20220903,09/03/22,Saturday,9,3,2022,TRUE
20220904,09/04/22,Sunday,9,3,2022,TRUE
20220905,09/05/22,Monday,9,3,2022,FALSE
20220906,09/06/22,Tuesday,9,3,2022,FALSE
20220907,09/07/22,Wednesday,9,3,2022,FALSE
20220908,09/08/22,Thursday,9,3,2022,FALSE
20220909,09/09/22,Friday,9,3,2022,FALSE
20220910,09/10/22,Saturday,9,3,2022,TRUE
20220911,09/11/22,Sunday,9,3,2022,TRUE
20220912,09/12/22,Monday,9,3,2022,FALSE
20220913,09/13/22,Tuesday,9,3,2022,FALSE
20220914,09/14/22,Wednesday,9,3,2022,FALSE
20220915,09/15/22,Thursday,9,3,2022,FALSE
20220916,09/16/22,Friday,9,3,2022,FALSE
20220917,09/17/22,Saturday,9,3,2022,TRUE
20220918,09/18/22,Sunday,9,3,2022,TRUE
20220919,09/19/22,Monday,9,3,2022,FALSE
20220920,09/20/22,Tuesday,9,3,2022,FALSE
20220921,09/21/22,Wednesday,9,3,2022,FALSE
20220922,09/22/22,Thursday,9,3,2022,FALSE
20220923,09/23/22,Friday,9,3,2022,FALSE
20220924,09/24/22,Saturday,9,3,2022,TRUE
20220925,09/25/22,Sunday,9,3,2022,TRUE
20220926,09/26/22,Monday,9,3,2022,FALSE
20220927,09/27/22,Tuesday,9,3,2022,FALSE
20220928,09/28/22,Wednesday,9,3,2022,FALSE
20220929,09/29/22,Thursday,9,3,2022,FALSE
20220930,09/30/22,Friday,9,3,2022,FALSE
20221001,10/01/22,Saturday,10,4,2022,TRUE
20221002,10/02/22,Sunday,10,4,2022,TRUE
20221003,10/03/22,Monday,10,4,2022,FALSE
20221004,10/04/22,Tuesday,10,4,2022,FALSE
20221005,10/05/22,Wednesday,10,4,2022,FALSE
20221006,10/06/22,Thursday,10,4,2022,FALSE
20221007,10/07/22,Friday,10,4,2022,FALSE
20221008,10/08/22,Saturday,10,4,2022,TRUE
20221009,10/09/22,Sunday,10,4,2022,TRUE
20221010,10/10/22,Monday,10,4,2022,FALSE
20221011,10/11/22,Tuesday,10,4,2022,FALSE
20221012,10/12/22,Wednesday,10,4,2022,FALSE
20221013,10/13/22,Thursday,10,4,2022,FALSE
20221014,10/14/22,Friday,10,4,2022,FALSE
20221015,10/15/22,Saturday,10,4,2022,TRUE
20221016,10/16/22,Sunday,10,4,2022,TRUE
20221017,10/17/22,Monday,10,4,2022,FALSE
20221018,10/18/22,Tuesday,10,4,2022,FALSE
20221019,10/19/22,Wednesday,10,4,2022,FALSE
20221020,10/20/22,Thursday,10,4,2022,FALSE
20221021,10/21/22,Friday,10,4,2022,FALSE
20221022,10/22/22,Saturday,10,4,2022,TRUE
20221023,10/23/22,Sunday,10,4,2022,TRUE
20221024,10/24/22,Monday,10,4,2022,FALSE
20221025,10/25/22,Tuesday,10,4,2022,FALSE
20221026,10/26/22,Wednesday,10,4,2022,FALSE
20221027,10/27/22,Thursday,10,4,2022,FALSE
20221028,10/28/22,Friday,10,4,2022,FALSE
20221029,10/29/22,Saturday,10,4,2022,TRUE
20221030,10/30/22,Sunday,10,4,2022,TRUE
20221031,10/31/22,Monday,10,4,2022,FALSE
20221101,11/01/22,Tuesday,11,4,2022,FALSE
20221102,11/02/22,Wednesday,11,4,2022,FALSE
20221103,11/03/22,Thursday,11,4,2022,FALSE
20221104,11/04/22,Friday,11,4,2022,FALSE
20221105,11/05/22,Saturday,11,4,2022,TRUE
20221106,11/06/22,Sunday,11,4,2022,TRUE
20221107,11/07/22,Monday,11,4,2022,FALSE
20221108,11/08/22,Tuesday,11,4,2022,FALSE
20221109,11/09/22,Wednesday,11,4,2022,FALSE
20221110,11/10/22,Thursday,11,4,2022,FALSE
20221111,11/11/22,Friday,11,4,2022,FALSE
20221112,11/12/22,Saturday,11,4,2022,TRUE
20221113,11/13/22,Sunday,11,4,2022,TRUE
20221114,11/14/22,Monday,11,4,2022,FALSE
20221115,11/15/22,Tuesday,11,4,2022,FALSE
20221116,11/16/22,Wednesday,11,4,2022,FALSE
20221117,11/17/22,Thursday,11,4,2022,FALSE
20221118,11/18/22,Friday,11,4,2022,FALSE
20221119,11/19/22,Saturday,11,4,2022,TRUE
20221120,11/20/22,Sunday,11,4,2022,TRUE
20221121,11/21/22,Monday,11,4,2022,FALSE
20221122,11/22/22,Tuesday,11,4,2022,FALSE
20221123,11/23/22,Wednesday,11,4,2022,FALSE
20221124,11/24/22,Thursday,11,4,2022,FALSE
20221125,11/25/22,Friday,11,4,2022,FALSE
20221126,11/26/22,Saturday,11,4,2022,TRUE
20221127,11/27/22,Sunday,11,4,2022,TRUE
20221128,11/28/22,Monday,11,4,2022,FALSE
20221129,11/29/22,Tuesday,11,4,2022,FALSE
20221130,11/30/22,Wednesday,11,4,2022,FALSE
20221201,12/01/22,Thursday,12,4,2022,FALSE
20221202,12/02/22,Friday,12,4,2022,FALSE
20221203,12/03/22,Saturday,12,4,2022,TRUE
20221204,12/04/22,Sunday,12,4,2022,TRUE
20221205,12/05/22,Monday,12,4,2022,FALSE
20221206,12/06/22,Tuesday,12,4,2022,FALSE
20221207,12/07/22,Wednesday,12,4,2022,FALSE
20221208,12/08/22,Thursday,12,4,2022,FALSE
20221209,12/09/22,Friday,12,4,2022,FALSE
20221210,12/10/22,Saturday,12,4,2022,TRUE
20221211,12/11/22,Sunday,12,4,2022,TRUE
20221212,12/12/22,Monday,12,4,2022,FALSE
20221213,12/13/22,Tuesday,12,4,2022,FALSE
20221214,12/14/22,Wednesday,12,4,2022,FALSE
20221215,12/15/22,Thursday,12,4,2022,FALSE
20221216,12/16/22,Friday,12,4,2022,FALSE
20221217,12/17/22,Saturday,12,4,2022,TRUE
20221218,12/18/22,Sunday,12,4,2022,TRUE
20221219,12/19/22,Monday,12,4,2022,FALSE
20221220,12/20/22,Tuesday,12,4,2022,FALSE
20221221,12/21/22,Wednesday,12,4,2022,FALSE
20221222,12/22/22,Thursday,12,4,2022,FALSE
20221223,12/23/22,Friday,12,4,2022,FALSE
20221224,12/24/22,Saturday,12,4,2022,TRUE
20221225,12/25/22,Sunday,12,4,2022,TRUE
20221226,12/26/22,Monday,12,4,2022,FALSE
20221227,12/27/22,Tuesday,12,4,2022,FALSE
20221228,12/28/22,Wednesday,12,4,2022,FALSE
20221229,12/29/22,Thursday,12,4,2022,FALSE
20221230,12/30/22,Friday,12,4,2022,FALSE
20221231,12/31/22,Saturday,12,4,2022,TRUE
20230101,01/01/23,Sunday,1,1,2023,TRUE
20230102,01/02/23,Monday,1,1,2023,FALSE
20230103,01/03/23,Tuesday,1,1,2023,FALSE
20230104,01/04/23,Wednesday,1,1,2023,FALSE
20230105,01/05/23,Thursday,1,1,2023,FALSE
20230106,01/06/23,Friday,1,1,2023,FALSE
20230107,01/07/23,Saturday,1,1,2023,TRUE
20230108,01/08/23,Sunday,1,1,2023,TRUE
20230109,01/09/23,Monday,1,1,2023,FALSE
20230110,01/10/23,Tuesday,1,1,2023,FALSE
20230111,01/11/23,Wednesday,1,1,2023,FALSE
20230112,01/12/23,Thursday,1,1,2023,FALSE
20230113,01/13/23,Friday,1,1,2023,FALSE
20230114,01/14/23,Saturday,1,1,2023,TRUE
20230115,01/15/23,Sunday,1,1,2023,TRUE
20230116,01/16/23,Monday,1,1,2023,FALSE
20230117,01/17/23,Tuesday,1,1,2023,FALSE
20230118,01/18/23,Wednesday,1,1,2023,FALSE
20230119,01/19/23,Thursday,1,1,2023,FALSE
20230120,01/20/23,Friday,1,1,2023,FALSE
20230121,01/21/23,Saturday,1,1,2023,TRUE
20230122,01/22/23,Sunday,1,1,2023,TRUE
20230123,01/23/23,Monday,1,1,2023,FALSE
20230124,01/24/23,Tuesday,1,1,2023,FALSE
20230125,01/25/23,Wednesday,1,1,2023,FALSE
20230126,01/26/23,Thursday,1,1,2023,FALSE
20230127,01/27/23,Friday,1,1,2023,FALSE
20230128,01/28/23,Saturday,1,1,2023,TRUE
20230129,01/29/23,Sunday,1,1,2023,TRUE
20230130,01/30/23,Monday,1,1,2023,FALSE
20230131,01/31/23,Tuesday,1,1,2023,FALSE
20230201,02/01/23,Wednesday,2,1,2023,FALSE
20230202,02/02/23,Thursday,2,1,2023,FALSE
20230203,02/03/23,Friday,2,1,2023,FALSE
20230204,02/04/23,Saturday,2,1,2023,TRUE
20230205,02/05/23,Sunday,2,1,2023,TRUE
20230206,02/06/23,Monday,2,1,2023,FALSE
20230207,02/07/23,Tuesday,2,1,2023,FALSE
20230208,02/08/23,Wednesday,2,1,2023,FALSE
20230209,02/09/23,Thursday,2,1,2023,FALSE
20230210,02/10/23,Friday,2,1,2023,FALSE
20230211,02/11/23,Saturday,2,1,2023,TRUE
20230212,02/12/23,Sunday,2,1,2023,TRUE
20230213,02/13/23,Monday,2,1,2023,FALSE
20230214,02/14/23,Tuesday,2,1,2023,FALSE
20230215,02/15/23,Wednesday,2,1,2023,FALSE
20230216,02/16/23,Thursday,2,1,2023,FALSE
20230217,02/17/23,Friday,2,1,2023,FALSE
20230218,02/18/23,Saturday,2,1,2023,TRUE
20230219,02/19/23,Sunday,2,1,2023,TRUE
20230220,02/20/23,Monday,2,1,2023,FALSE
20230221,02/21/23,Tuesday,2,1,2023,FALSE
20230222,02/22/23,Wednesday,2,1,2023,FALSE
20230223,02/23/23,Thursday,2,1,2023,FALSE
20230224,02/24/23,Friday,2,1,2023,FALSE
20230225,02/25/23,Saturday,2,1,2023,TRUE
20230226,02/26/23,Sunday,2,1,2023,TRUE
20230227,02/27/23,Monday,2,1,2023,FALSE
20230228,02/28/23,Tuesday,2,1,2023,FALSE
20230301,03/01/23,Wednesday,3,1,2023,FALSE
20230302,03/02/23,Thursday,3,1,2023,FALSE
20230303,03/03/23,Friday,3,1,2023,FALSE
20230304,03/04/23,Saturday,3,1,2023,TRUE
20230305,03/05/23,Sunday,3,1,2023,TRUE
20230306,03/06/23,Monday,3,1,2023,FALSE
20230307,03/07/23,Tuesday,3,1,2023,FALSE
20230308,03/08/23,Wednesday,3,1,2023,FALSE
20230309,03/09/23,Thursday,3,1,2023,FALSE
20230310,03/10/23,Friday,3,1,2023,FALSE
20230311,03/11/23,Saturday,3,1,2023,TRUE
20230312,03/12/23,Sunday,3,1,2023,TRUE
20230313,03/13/23,Monday,3,1,2023,FALSE
20230314,03/14/23,Tuesday,3,1,2023,FALSE
20230315,03/15/23,Wednesday,3,1,2023,FALSE
20230316,03/16/23,Thursday,3,1,2023,FALSE
20230317,03/17/23,Friday,3,1,2023,FALSE
20230318,03/18/23,Saturday,3,1,2023,TRUE
20230319,03/19/23,Sunday,3,1,2023,TRUE
20230320,03/20/23,Monday,3,1,2023,FALSE
20230321,03/21/23,Tuesday,3,1,2023,FALSE
20230322,03/22/23,Wednesday,3,1,2023,FALSE
20230323,03/23/23,Thursday,3,1,2023,FALSE
20230324,03/24/23,Friday,3,1,2023,FALSE
20230325,03/25/23,Saturday,3,1,2023,TRUE
20230326,03/26/23,Sunday,3,1,2023,TRUE
20230327,03/27/23,Monday,3,1,2023,FALSE
20230328,03/28/23,Tuesday,3,1,2023,FALSE
20230329,03/29/23,Wednesday,3,1,2023,FALSE
20230330,03/30/23,Thursday,3,1,2023,FALSE
20230331,03/31/23,Friday,3,1,2023,FALSE
20230401,04/01/23,Saturday,4,2,2023,TRUE
20230402,04/02/23,Sunday,4,2,2023,TRUE
20230403,04/03/23,Monday,4,2,2023,FALSE
20230404,04/04/23,Tuesday,4,2,2023,FALSE
20230405,04/05/23,Wednesday,4,2,2023,FALSE
20230406,04/06/23,Thursday,4,2,2023,FALSE
20230407,04/07/23,Friday,4,2,2023,FALSE
20230408,04/08/23,Saturday,4,2,2023,TRUE
20230409,04/09/23,Sunday,4,2,2023,TRUE
20230410,04/10/23,Monday,4,2,2023,FALSE
20230411,04/11/23,Tuesday,4,2,2023,FALSE
20230412,04/12/23,Wednesday,4,2,2023,FALSE
20230413,04/13/23,Thursday,4,2,2023,FALSE
20230414,04/14/23,Friday,4,2,2023,FALSE
20230415,04/15/23,Saturday,4,2,2023,TRUE
20230416,04/16/23,Sunday,4,2,2023,TRUE
20230417,04/17/23,Monday,4,2,2023,FALSE
20230418,04/18/23,Tuesday,4,2,2023,FALSE
20230419,04/19/23,Wednesday,4,2,2023,FALSE
20230420,04/20/23,Thursday,4,2,2023,FALSE
20230421,04/21/23,Friday,4,2,2023,FALSE
20230422,04/22/23,Saturday,4,2,2023,TRUE
20230423,04/23/23,Sunday,4,2,2023,TRUE
20230424,04/24/23,Monday,4,2,2023,FALSE
20230425,04/25/23,Tuesday,4,2,2023,FALSE
20230426,04/26/23,Wednesday,4,2,2023,FALSE
20230427,04/27/23,Thursday,4,2,2023,FALSE
20230428,04/28/23,Friday,4,2,2023,FALSE
20230429,04/29/23,Saturday,4,2,2023,TRUE
20230430,04/30/23,Sunday,4,2,2023,TRUE
20230501,05/01/23,Monday,5,2,2023,FALSE
20230502,05/02/23,Tuesday,5,2,2023,FALSE
20230503,05/03/23,Wednesday,5,2,2023,FALSE
20230504,05/04/23,Thursday,5,2,2023,FALSE
20230505,05/05/23,Friday,5,2,2023,FALSE
20230506,05/06/23,Saturday,5,2,2023,TRUE
20230507,05/07/23,Sunday,5,2,2023,TRUE
20230508,05/08/23,Monday,5,2,2023,FALSE
20230509,05/09/23,Tuesday,5,2,2023,FALSE
20230510,05/10/23,Wednesday,5,2,2023,FALSE
20230511,05/11/23,Thursday,5,2,2023,FALSE
20230512,05/12/23,Friday,5,2,2023,FALSE
20230513,05/13/23,Saturday,5,2,2023,TRUE
20230514,05/14/23,Sunday,5,2,2023,TRUE
20230515,05/15/23,Monday,5,2,2023,FALSE
20230516,05/16/23,Tuesday,5,2,2023,FALSE
20230517,05/17/23,Wednesday,5,2,2023,FALSE
20230518,05/18/23,Thursday,5,2,2023,FALSE
20230519,05/19/23,Friday,5,2,2023,FALSE
20230520,05/20/23,Saturday,5,2,2023,TRUE
20230521,05/21/23,Sunday,5,2,2023,TRUE
20230522,05/22/23,Monday,5,2,2023,FALSE
20230523,05/23/23,Tuesday,5,2,2023,FALSE
20230524,05/24/23,Wednesday,5,2,2023,FALSE
20230525,05/25/23,Thursday,5,2,2023,FALSE
20230526,05/26/23,Friday,5,2,2023,FALSE
20230527,05/27/23,Saturday,5,2,2023,TRUE
20230528,05/28/23,Sunday,5,2,2023,TRUE
20230529,05/29/23,Monday,5,2,2023,FALSE
20230530,05/30/23,Tuesday,5,2,2023,FALSE
20230531,05/31/23,Wednesday,5,2,2023,FALSE
20230601,06/01/23,Thursday,6,2,2023,FALSE
20230602,06/02/23,Friday,6,2,2023,FALSE
20230603,06/03/23,Saturday,6,2,2023,TRUE
20230604,06/04/23,Sunday,6,2,2023,TRUE
20230605,06/05/23,Monday,6,2,2023,FALSE
20230606,06/06/23,Tuesday,6,2,2023,FALSE
20230607,06/07/23,Wednesday,6,2,2023,FALSE
20230608,06/08/23,Thursday,6,2,2023,FALSE
20230609,06/09/23,Friday,6,2,2023,FALSE
20230610,06/10/23,Saturday,6,2,2023,TRUE
20230611,06/11/23,Sunday,6,2,2023,TRUE
20230612,06/12/23,Monday,6,2,2023,FALSE
20230613,06/13/23,Tuesday,6,2,2023,FALSE
20230614,06/14/23,Wednesday,6,2,2023,FALSE
20230615,06/15/23,Thursday,6,2,2023,FALSE
20230616,06/16/23,Friday,6,2,2023,FALSE
20230617,06/17/23,Saturday,6,2,2023,TRUE
20230618,06/18/23,Sunday,6,2,2023,TRUE
20230619,06/19/23,Monday,6,2,2023,FALSE
20230620,06/20/23,Tuesday,6,2,2023,FALSE
20230621,06/21/23,Wednesday,6,2,2023,FALSE
20230622,06/22/23,Thursday,6,2,2023,FALSE
20230623,06/23/23,Friday,6,2,2023,FALSE
20230624,06/24/23,Saturday,6,2,2023,TRUE
20230625,06/25/23,Sunday,6,2,2023,TRUE
20230626,06/26/23,Monday,6,2,2023,FALSE
20230627,06/27/23,Tuesday,6,2,2023,FALSE
20230628,06/28/23,Wednesday,6,2,2023,FALSE
20230629,06/29/23,Thursday,6,2,2023,FALSE
20230630,06/30/23,Friday,6,2,2023,FALSE
20230701,07/01/23,Saturday,7,3,2023,TRUE
20230702,07/02/23,Sunday,7,3,2023,TRUE
20230703,07/03/23,Monday,7,3,2023,FALSE
20230704,07/04/23,Tuesday,7,3,2023,FALSE
20230705,07/05/23,Wednesday,7,3,2023,FALSE
20230706,07/06/23,Thursday,7,3,2023,FALSE
20230707,07/07/23,Friday,7,3,2023,FALSE
20230708,07/08/23,Saturday,7,3,2023,TRUE
20230709,07/09/23,Sunday,7,3,2023,TRUE
20230710,07/10/23,Monday,7,3,2023,FALSE
20230711,07/11/23,Tuesday,7,3,2023,FALSE
20230712,07/12/23,Wednesday,7,3,2023,FALSE
20230713,07/13/23,Thursday,7,3,2023,FALSE
20230714,07/14/23,Friday,7,3,2023,FALSE
20230715,07/15/23,Saturday,7,3,2023,TRUE
20230716,07/16/23,Sunday,7,3,2023,TRUE
20230717,07/17/23,Monday,7,3,2023,FALSE
20230718,07/18/23,Tuesday,7,3,2023,FALSE
20230719,07/19/23,Wednesday,7,3,2023,FALSE
20230720,07/20/23,Thursday,7,3,2023,FALSE
20230721,07/21/23,Friday,7,3,2023,FALSE
20230722,07/22/23,Saturday,7,3,2023,TRUE
20230723,07/23/23,Sunday,7,3,2023,TRUE
20230724,07/24/23,Monday,7,3,2023,FALSE
20230725,07/25/23,Tuesday,7,3,2023,FALSE
20230726,07/26/23,Wednesday,7,3,2023,FALSE
20230727,07/27/23,Thursday,7,3,2023,FALSE
20230728,07/28/23,Friday,7,3,2023,FALSE
20230729,07/29/23,Saturday,7,3,2023,TRUE
20230730,07/30/23,Sunday,7,3,2023,TRUE
20230731,07/31/23,Monday,7,3,2023,FALSE
20230801,08/01/23,Tuesday,8,3,2023,FALSE
20230802,08/02/23,Wednesday,8,3,2023,FALSE
20230803,08/03/23,Thursday,8,3,2023,FALSE
20230804,08/04/23,Friday,8,3,2023,FALSE
20230805,08/05/23,Saturday,8,3,2023,TRUE
20230806,08/06/23,Sunday,8,3,2023,TRUE
20230807,08/07/23,Monday,8,3,2023,FALSE
20230808,08/08/23,Tuesday,8,3,2023,FALSE
20230809,08/09/23,Wednesday,8,3,2023,FALSE
20230810,08/10/23,Thursday,8,3,2023,FALSE
20230811,08/11/23,Friday,8,3,2023,FALSE
20230812,08/12/23,Saturday,8,3,2023,TRUE
20230813,08/13/23,Sunday,8,3,2023,TRUE
20230814,08/14/23,Monday,8,3,2023,FALSE
20230815,08/15/23,Tuesday,8,3,2023,FALSE
20230816,08/16/23,Wednesday,8,3,2023,FALSE
20230817,08/17/23,Thursday,8,3,2023,FALSE
20230818,08/18/23,Friday,8,3,2023,FALSE
20230819,08/19/23,Saturday,8,3,2023,TRUE
20230820,08/20/23,Sunday,8,3,2023,TRUE
20230821,08/21/23,Monday,8,3,2023,FALSE
20230822,08/22/23,Tuesday,8,3,2023,FALSE
20230823,08/23/23,Wednesday,8,3,2023,FALSE
20230824,08/24/23,Thursday,8,3,2023,FALSE
20230825,08/25/23,Friday,8,3,2023,FALSE
20230826,08/26/23,Saturday,8,3,2023,TRUE
20230827,08/27/23,Sunday,8,3,2023,TRUE
20230828,08/28/23,Monday,8,3,2023,FALSE
20230829,08/29/23,Tuesday,8,3,2023,FALSE
20230830,08/30/23,Wednesday,8,3,2023,FALSE
20230831,08/31/23,Thursday,8,3,2023,FALSE
20230901,09/01/23,Friday,9,3,2023,FALSE
20230902,09/02/23,Saturday,9,3,2023,TRUE
20230903,09/03/23,Sunday,9,3,2023,TRUE
20230904,09/04/23,Monday,9,3,2023,FALSE
20230905,09/05/23,Tuesday,9,3,2023,FALSE
20230906,09/06/23,Wednesday,9,3,2023,FALSE
20230907,09/07/23,Thursday,9,3,2023,FALSE
20230908,09/08/23,Friday,9,3,2023,FALSE
20230909,09/09/23,Saturday,9,3,2023,TRUE
20230910,09/10/23,Sunday,9,3,2023,TRUE
20230911,09/11/23,Monday,9,3,2023,FALSE
20230912,09/12/23,Tuesday,9,3,2023,FALSE
20230913,09/13/23,Wednesday,9,3,2023,FALSE
20230914,09/14/23,Thursday,9,3,2023,FALSE
20230915,09/15/23,Friday,9,3,2023,FALSE
20230916,09/16/23,Saturday,9,3,2023,TRUE
20230917,09/17/23,Sunday,9,3,2023,TRUE
20230918,09/18/23,Monday,9,3,2023,FALSE
20230919,09/19/23,Tuesday,9,3,2023,FALSE
20230920,09/20/23,Wednesday,9,3,2023,FALSE
20230921,09/21/23,Thursday,9,3,2023,FALSE
20230922,09/22/23,Friday,9,3,2023,FALSE
20230923,09/23/23,Saturday,9,3,2023,TRUE
20230924,09/24/23,Sunday,9,3,2023,TRUE
20230925,09/25/23,Monday,9,3,2023,FALSE
20230926,09/26/23,Tuesday,9,3,2023,FALSE
20230927,09/27/23,Wednesday,9,3,2023,FALSE
20230928,09/28/23,Thursday,9,3,2023,FALSE
20230929,09/29/23,Friday,9,3,2023,FALSE
20230930,09/30/23,Saturday,9,3,2023,TRUE
20231001,10/01/23,Sunday,10,4,2023,TRUE
20231002,10/02/23,Monday,10,4,2023,FALSE
20231003,10/03/23,Tuesday,10,4,2023,FALSE
20231004,10/04/23,Wednesday,10,4,2023,FALSE
20231005,10/05/23,Thursday,10,4,2023,FALSE
20231006,10/06/23,Friday,10,4,2023,FALSE
20231007,10/07/23,Saturday,10,4,2023,TRUE
20231008,10/08/23,Sunday,10,4,2023,TRUE
20231009,10/09/23,Monday,10,4,2023,FALSE
20231010,10/10/23,Tuesday,10,4,2023,FALSE
20231011,10/11/23,Wednesday,10,4,2023,FALSE
20231012,10/12/23,Thursday,10,4,2023,FALSE
20231013,10/13/23,Friday,10,4,2023,FALSE
20231014,10/14/23,Saturday,10,4,2023,TRUE
20231015,10/15/23,Sunday,10,4,2023,TRUE
20231016,10/16/23,Monday,10,4,2023,FALSE
20231017,10/17/23,Tuesday,10,4,2023,FALSE
20231018,10/18/23,Wednesday,10,4,2023,FALSE
20231019,10/19/23,Thursday,10,4,2023,FALSE
20231020,10/20/23,Friday,10,4,2023,FALSE
20231021,10/21/23,Saturday,10,4,2023,TRUE
20231022,10/22/23,Sunday,10,4,2023,TRUE
20231023,10/23/23,Monday,10,4,2023,FALSE
20231024,10/24/23,Tuesday,10,4,2023,FALSE
20231025,10/25/23,Wednesday,10,4,2023,FALSE
20231026,10/26/23,Thursday,10,4,2023,FALSE
20231027,10/27/23,Friday,10,4,2023,FALSE
20231028,10/28/23,Saturday,10,4,2023,TRUE
20231029,10/29/23,Sunday,10,4,2023,TRUE
20231030,10/30/23,Monday,10,4,2023,FALSE
20231031,10/31/23,Tuesday,10,4,2023,FALSE
20231101,11/01/23,Wednesday,11,4,2023,FALSE
20231102,11/02/23,Thursday,11,4,2023,FALSE
20231103,11/03/23,Friday,11,4,2023,FALSE
20231104,11/04/23,Saturday,11,4,2023,TRUE
20231105,11/05/23,Sunday,11,4,2023,TRUE
20231106,11/06/23,Monday,11,4,2023,FALSE
20231107,11/07/23,Tuesday,11,4,2023,FALSE
20231108,11/08/23,Wednesday,11,4,2023,FALSE
20231109,11/09/23,Thursday,11,4,2023,FALSE
20231110,11/10/23,Friday,11,4,2023,FALSE
20231111,11/11/23,Saturday,11,4,2023,TRUE
20231112,11/12/23,Sunday,11,4,2023,TRUE
20231113,11/13/23,Monday,11,4,2023,FALSE
20231114,11/14/23,Tuesday,11,4,2023,FALSE
20231115,11/15/23,Wednesday,11,4,2023,FALSE
20231116,11/16/23,Thursday,11,4,2023,FALSE
20231117,11/17/23,Friday,11,4,2023,FALSE
20231118,11/18/23,Saturday,11,4,2023,TRUE
20231119,11/19/23,Sunday,11,4,2023,TRUE
20231120,11/20/23,Monday,11,4,2023,FALSE
20231121,11/21/23,Tuesday,11,4,2023,FALSE
20231122,11/22/23,Wednesday,11,4,2023,FALSE
20231123,11/23/23,Thursday,11,4,2023,FALSE
20231124,11/24/23,Friday,11,4,2023,FALSE
20231125,11/25/23,Saturday,11,4,2023,TRUE
20231126,11/26/23,Sunday,11,4,2023,TRUE
20231127,11/27/23,Monday,11,4,2023,FALSE
20231128,11/28/23,Tuesday,11,4,2023,FALSE
20231129,11/29/23,Wednesday,11,4,2023,FALSE
20231130,11/30/23,Thursday,11,4,2023,FALSE
20231201,12/01/23,Friday,12,4,2023,FALSE
20231202,12/02/23,Saturday,12,4,2023,TRUE
20231203,12/03/23,Sunday,12,4,2023,TRUE
20231204,12/04/23,Monday,12,4,2023,FALSE
20231205,12/05/23,Tuesday,12,4,2023,FALSE
20231206,12/06/23,Wednesday,12,4,2023,FALSE
20231207,12/07/23,Thursday,12,4,2023,FALSE
20231208,12/08/23,Friday,12,4,2023,FALSE
20231209,12/09/23,Saturday,12,4,2023,TRUE
20231210,12/10/23,Sunday,12,4,2023,TRUE
20231211,12/11/23,Monday,12,4,2023,FALSE
20231212,12/12/23,Tuesday,12,4,2023,FALSE
20231213,12/13/23,Wednesday,12,4,2023,FALSE
20231214,12/14/23,Thursday,12,4,2023,FALSE
20231215,12/15/23,Friday,12,4,2023,FALSE
20231216,12/16/23,Saturday,12,4,2023,TRUE
20231217,12/17/23,Sunday,12,4,2023,TRUE
20231218,12/18/23,Monday,12,4,2023,FALSE
20231219,12/19/23,Tuesday,12,4,2023,FALSE
20231220,12/20/23,Wednesday,12,4,2023,FALSE
20231221,12/21/23,Thursday,12,4,2023,FALSE
20231222,12/22/23,Friday,12,4,2023,FALSE
20231223,12/23/23,Saturday,12,4,2023,TRUE
20231224,12/24/23,Sunday,12,4,2023,TRUE
20231225,12/25/23,Monday,12,4,2023,FALSE
20231226,12/26/23,Tuesday,12,4,2023,FALSE
20231227,12/27/23,Wednesday,12,4,2023,FALSE
20231228,12/28/23,Thursday,12,4,2023,FALSE
20231229,12/29/23,Friday,12,4,2023,FALSE
20231230,12/30/23,Saturday,12,4,2023,TRUE
20231231,12/31/23,Sunday,12,4,2023,TRUE
20240101,01/01/24,Monday,1,1,2024,FALSE
20240102,01/02/24,Tuesday,1,1,2024,FALSE
20240103,01/03/24,Wednesday,1,1,2024,FALSE
20240104,01/04/24,Thursday,1,1,2024,FALSE
20240105,01/05/24,Friday,1,1,2024,FALSE
20240106,01/06/24,Saturday,1,1,2024,TRUE
20240107,01/07/24,Sunday,1,1,2024,TRUE
20240108,01/08/24,Monday,1,1,2024,FALSE
20240109,01/09/24,Tuesday,1,1,2024,FALSE
20240110,01/10/24,Wednesday,1,1,2024,FALSE
20240111,01/11/24,Thursday,1,1,2024,FALSE
20240112,01/12/24,Friday,1,1,2024,FALSE
20240113,01/13/24,Saturday,1,1,2024,TRUE
20240114,01/14/24,Sunday,1,1,2024,TRUE
20240115,01/15/24,Monday,1,1,2024,FALSE
20240116,01/16/24,Tuesday,1,1,2024,FALSE
20240117,01/17/24,Wednesday,1,1,2024,FALSE
20240118,01/18/24,Thursday,1,1,2024,FALSE
20240119,01/19/24,Friday,1,1,2024,FALSE
20240120,01/20/24,Saturday,1,1,2024,TRUE
20240121,01/21/24,Sunday,1,1,2024,TRUE
20240122,01/22/24,Monday,1,1,2024,FALSE
20240123,01/23/24,Tuesday,1,1,2024,FALSE
20240124,01/24/24,Wednesday,1,1,2024,FALSE
20240125,01/25/24,Thursday,1,1,2024,FALSE
20240126,01/26/24,Friday,1,1,2024,FALSE
20240127,01/27/24,Saturday,1,1,2024,TRUE
20240128,01/28/24,Sunday,1,1,2024,TRUE
20240129,01/29/24,Monday,1,1,2024,FALSE
20240130,01/30/24,Tuesday,1,1,2024,FALSE
20240131,01/31/24,Wednesday,1,1,2024,FALSE
20240201,02/01/24,Thursday,2,1,2024,FALSE
20240202,02/02/24,Friday,2,1,2024,FALSE
20240203,02/03/24,Saturday,2,1,2024,TRUE
20240204,02/04/24,Sunday,2,1,2024,TRUE
20240205,02/05/24,Monday,2,1,2024,FALSE
20240206,02/06/24,Tuesday,2,1,2024,FALSE
20240207,02/07/24,Wednesday,2,1,2024,FALSE
20240208,02/08/24,Thursday,2,1,2024,FALSE
20240209,02/09/24,Friday,2,1,2024,FALSE
20240210,02/10/24,Saturday,2,1,2024,TRUE
20240211,02/11/24,Sunday,2,1,2024,TRUE
20240212,02/12/24,Monday,2,1,2024,FALSE
20240213,02/13/24,Tuesday,2,1,2024,FALSE
20240214,02/14/24,Wednesday,2,1,2024,FALSE
20240215,02/15/24,Thursday,2,1,2024,FALSE
20240216,02/16/24,Friday,2,1,2024,FALSE
20240217,02/17/24,Saturday,2,1,2024,TRUE
20240218,02/18/24,Sunday,2,1,2024,TRUE
20240219,02/19/24,Monday,2,1,2024,FALSE
20240220,02/20/24,Tuesday,2,1,2024,FALSE
20240221,02/21/24,Wednesday,2,1,2024,FALSE
20240222,02/22/24,Thursday,2,1,2024,FALSE
20240223,02/23/24,Friday,2,1,2024,FALSE
20240224,02/24/24,Saturday,2,1,2024,TRUE
20240225,02/25/24,Sunday,2,1,2024,TRUE
20240226,02/26/24,Monday,2,1,2024,FALSE
20240227,02/27/24,Tuesday,2,1,2024,FALSE
20240228,02/28/24,Wednesday,2,1,2024,FALSE
20240229,02/29/24,Thursday,2,1,2024,FALSE
20240301,03/01/24,Friday,3,1,2024,FALSE
20240302,03/02/24,Saturday,3,1,2024,TRUE
20240303,03/03/24,Sunday,3,1,2024,TRUE
20240304,03/04/24,Monday,3,1,2024,FALSE
20240305,03/05/24,Tuesday,3,1,2024,FALSE
20240306,03/06/24,Wednesday,3,1,2024,FALSE
20240307,03/07/24,Thursday,3,1,2024,FALSE
20240308,03/08/24,Friday,3,1,2024,FALSE
20240309,03/09/24,Saturday,3,1,2024,TRUE
20240310,03/10/24,Sunday,3,1,2024,TRUE
20240311,03/11/24,Monday,3,1,2024,FALSE
20240312,03/12/24,Tuesday,3,1,2024,FALSE
20240313,03/13/24,Wednesday,3,1,2024,FALSE
20240314,03/14/24,Thursday,3,1,2024,FALSE
20240315,03/15/24,Friday,3,1,2024,FALSE
20240316,03/16/24,Saturday,3,1,2024,TRUE
20240317,03/17/24,Sunday,3,1,2024,TRUE
20240318,03/18/24,Monday,3,1,2024,FALSE
20240319,03/19/24,Tuesday,3,1,2024,FALSE
20240320,03/20/24,Wednesday,3,1,2024,FALSE
20240321,03/21/24,Thursday,3,1,2024,FALSE
20240322,03/22/24,Friday,3,1,2024,FALSE
20240323,03/23/24,Saturday,3,1,2024,TRUE
20240324,03/24/24,Sunday,3,1,2024,TRUE
20240325,03/25/24,Monday,3,1,2024,FALSE
20240326,03/26/24,Tuesday,3,1,2024,FALSE
20240327,03/27/24,Wednesday,3,1,2024,FALSE
20240328,03/28/24,Thursday,3,1,2024,FALSE
20240329,03/29/24,Friday,3,1,2024,FALSE
20240330,03/30/24,Saturday,3,1,2024,TRUE
20240331,03/31/24,Sunday,3,1,2024,TRUE
20240401,04/01/24,Monday,4,2,2024,FALSE
20240402,04/02/24,Tuesday,4,2,2024,FALSE
20240403,04/03/24,Wednesday,4,2,2024,FALSE
20240404,04/04/24,Thursday,4,2,2024,FALSE
20240405,04/05/24,Friday,4,2,2024,FALSE
20240406,04/06/24,Saturday,4,2,2024,TRUE
20240407,04/07/24,Sunday,4,2,2024,TRUE
20240408,04/08/24,Monday,4,2,2024,FALSE
20240409,04/09/24,Tuesday,4,2,2024,FALSE
20240410,04/10/24,Wednesday,4,2,2024,FALSE
20240411,04/11/24,Thursday,4,2,2024,FALSE
20240412,04/12/24,Friday,4,2,2024,FALSE
20240413,04/13/24,Saturday,4,2,2024,TRUE
20240414,04/14/24,Sunday,4,2,2024,TRUE
20240415,04/15/24,Monday,4,2,2024,FALSE
20240416,04/16/24,Tuesday,4,2,2024,FALSE
20240417,04/17/24,Wednesday,4,2,2024,FALSE
20240418,04/18/24,Thursday,4,2,2024,FALSE
20240419,04/19/24,Friday,4,2,2024,FALSE
20240420,04/20/24,Saturday,4,2,2024,TRUE
20240421,04/21/24,Sunday,4,2,2024,TRUE
20240422,04/22/24,Monday,4,2,2024,FALSE
20240423,04/23/24,Tuesday,4,2,2024,FALSE
20240424,04/24/24,Wednesday,4,2,2024,FALSE
20240425,04/25/24,Thursday,4,2,2024,FALSE
20240426,04/26/24,Friday,4,2,2024,FALSE
20240427,04/27/24,Saturday,4,2,2024,TRUE
20240428,04/28/24,Sunday,4,2,2024,TRUE
20240429,04/29/24,Monday,4,2,2024,FALSE
20240430,04/30/24,Tuesday,4,2,2024,FALSE
20240501,05/01/24,Wednesday,5,2,2024,FALSE
20240502,05/02/24,Thursday,5,2,2024,FALSE
20240503,05/03/24,Friday,5,2,2024,FALSE
20240504,05/04/24,Saturday,5,2,2024,TRUE
20240505,05/05/24,Sunday,5,2,2024,TRUE
20240506,05/06/24,Monday,5,2,2024,FALSE
20240507,05/07/24,Tuesday,5,2,2024,FALSE
20240508,05/08/24,Wednesday,5,2,2024,FALSE
20240509,05/09/24,Thursday,5,2,2024,FALSE
20240510,05/10/24,Friday,5,2,2024,FALSE
20240511,05/11/24,Saturday,5,2,2024,TRUE
20240512,05/12/24,Sunday,5,2,2024,TRUE
20240513,05/13/24,Monday,5,2,2024,FALSE
20240514,05/14/24,Tuesday,5,2,2024,FALSE
20240515,05/15/24,Wednesday,5,2,2024,FALSE
20240516,05/16/24,Thursday,5,2,2024,FALSE
20240517,05/17/24,Friday,5,2,2024,FALSE
20240518,05/18/24,Saturday,5,2,2024,TRUE
20240519,05/19/24,Sunday,5,2,2024,TRUE
20240520,05/20/24,Monday,5,2,2024,FALSE
20240521,05/21/24,Tuesday,5,2,2024,FALSE
20240522,05/22/24,Wednesday,5,2,2024,FALSE
20240523,05/23/24,Thursday,5,2,2024,FALSE
20240524,05/24/24,Friday,5,2,2024,FALSE
20240525,05/25/24,Saturday,5,2,2024,TRUE
20240526,05/26/24,Sunday,5,2,2024,TRUE
20240527,05/27/24,Monday,5,2,2024,FALSE
20240528,05/28/24,Tuesday,5,2,2024,FALSE
20240529,05/29/24,Wednesday,5,2,2024,FALSE
20240530,05/30/24,Thursday,5,2,2024,FALSE
20240531,05/31/24,Friday,5,2,2024,FALSE
20240601,06/01/24,Saturday,6,2,2024,TRUE
20240602,06/02/24,Sunday,6,2,2024,TRUE
20240603,06/03/24,Monday,6,2,2024,FALSE
20240604,06/04/24,Tuesday,6,2,2024,FALSE
20240605,06/05/24,Wednesday,6,2,2024,FALSE
20240606,06/06/24,Thursday,6,2,2024,FALSE
20240607,06/07/24,Friday,6,2,2024,FALSE
20240608,06/08/24,Saturday,6,2,2024,TRUE
20240609,06/09/24,Sunday,6,2,2024,TRUE
20240610,06/10/24,Monday,6,2,2024,FALSE
20240611,06/11/24,Tuesday,6,2,2024,FALSE
20240612,06/12/24,Wednesday,6,2,2024,FALSE
20240613,06/13/24,Thursday,6,2,2024,FALSE
20240614,06/14/24,Friday,6,2,2024,FALSE
20240615,06/15/24,Saturday,6,2,2024,TRUE
20240616,06/16/24,Sunday,6,2,2024,TRUE
20240617,06/17/24,Monday,6,2,2024,FALSE
20240618,06/18/24,Tuesday,6,2,2024,FALSE
20240619,06/19/24,Wednesday,6,2,2024,FALSE
20240620,06/20/24,Thursday,6,2,2024,FALSE
20240621,06/21/24,Friday,6,2,2024,FALSE
20240622,06/22/24,Saturday,6,2,2024,TRUE
20240623,06/23/24,Sunday,6,2,2024,TRUE
20240624,06/24/24,Monday,6,2,2024,FALSE
20240625,06/25/24,Tuesday,6,2,2024,FALSE
20240626,06/26/24,Wednesday,6,2,2024,FALSE
20240627,06/27/24,Thursday,6,2,2024,FALSE
20240628,06/28/24,Friday,6,2,2024,FALSE
20240629,06/29/24,Saturday,6,2,2024,TRUE
20240630,06/30/24,Sunday,6,2,2024,TRUE
20240701,07/01/24,Monday,7,3,2024,FALSE
20240702,07/02/24,Tuesday,7,3,2024,FALSE
20240703,07/03/24,Wednesday,7,3,2024,FALSE
20240704,07/04/24,Thursday,7,3,2024,FALSE
20240705,07/05/24,Friday,7,3,2024,FALSE
20240706,07/06/24,Saturday,7,3,2024,TRUE
20240707,07/07/24,Sunday,7,3,2024,TRUE
20240708,07/08/24,Monday,7,3,2024,FALSE
20240709,07/09/24,Tuesday,7,3,2024,FALSE
20240710,07/10/24,Wednesday,7,3,2024,FALSE
20240711,07/11/24,Thursday,7,3,2024,FALSE
20240712,07/12/24,Friday,7,3,2024,FALSE
20240713,07/13/24,Saturday,7,3,2024,TRUE
20240714,07/14/24,Sunday,7,3,2024,TRUE
20240715,07/15/24,Monday,7,3,2024,FALSE
20240716,07/16/24,Tuesday,7,3,2024,FALSE
20240717,07/17/24,Wednesday,7,3,2024,FALSE
20240718,07/18/24,Thursday,7,3,2024,FALSE
20240719,07/19/24,Friday,7,3,2024,FALSE
20240720,07/20/24,Saturday,7,3,2024,TRUE
20240721,07/21/24,Sunday,7,3,2024,TRUE
20240722,07/22/24,Monday,7,3,2024,FALSE
20240723,07/23/24,Tuesday,7,3,2024,FALSE
20240724,07/24/24,Wednesday,7,3,2024,FALSE
20240725,07/25/24,Thursday,7,3,2024,FALSE
20240726,07/26/24,Friday,7,3,2024,FALSE
20240727,07/27/24,Saturday,7,3,2024,TRUE
20240728,07/28/24,Sunday,7,3,2024,TRUE
20240729,07/29/24,Monday,7,3,2024,FALSE
20240730,07/30/24,Tuesday,7,3,2024,FALSE
20240731,07/31/24,Wednesday,7,3,2024,FALSE
20240801,08/01/24,Thursday,8,3,2024,FALSE
20240802,08/02/24,Friday,8,3,2024,FALSE
20240803,08/03/24,Saturday,8,3,2024,TRUE
20240804,08/04/24,Sunday,8,3,2024,TRUE
20240805,08/05/24,Monday,8,3,2024,FALSE
20240806,08/06/24,Tuesday,8,3,2024,FALSE
20240807,08/07/24,Wednesday,8,3,2024,FALSE
20240808,08/08/24,Thursday,8,3,2024,FALSE
20240809,08/09/24,Friday,8,3,2024,FALSE
20240810,08/10/24,Saturday,8,3,2024,TRUE
20240811,08/11/24,Sunday,8,3,2024,TRUE
20240812,08/12/24,Monday,8,3,2024,FALSE
20240813,08/13/24,Tuesday,8,3,2024,FALSE
20240814,08/14/24,Wednesday,8,3,2024,FALSE
20240815,08/15/24,Thursday,8,3,2024,FALSE
20240816,08/16/24,Friday,8,3,2024,FALSE
20240817,08/17/24,Saturday,8,3,2024,TRUE
20240818,08/18/24,Sunday,8,3,2024,TRUE
20240819,08/19/24,Monday,8,3,2024,FALSE
20240820,08/20/24,Tuesday,8,3,2024,FALSE
20240821,08/21/24,Wednesday,8,3,2024,FALSE
20240822,08/22/24,Thursday,8,3,2024,FALSE
20240823,08/23/24,Friday,8,3,2024,FALSE
20240824,08/24/24,Saturday,8,3,2024,TRUE
20240825,08/25/24,Sunday,8,3,2024,TRUE
20240826,08/26/24,Monday,8,3,2024,FALSE
20240827,08/27/24,Tuesday,8,3,2024,FALSE
20240828,08/28/24,Wednesday,8,3,2024,FALSE
20240829,08/29/24,Thursday,8,3,2024,FALSE
20240830,08/30/24,Friday,8,3,2024,FALSE
20240831,08/31/24,Saturday,8,3,2024,TRUE
20240901,09/01/24,Sunday,9,3,2024,TRUE
20240902,09/02/24,Monday,9,3,2024,FALSE
20240903,09/03/24,Tuesday,9,3,2024,FALSE
20240904,09/04/24,Wednesday,9,3,2024,FALSE
20240905,09/05/24,Thursday,9,3,2024,FALSE
20240906,09/06/24,Friday,9,3,2024,FALSE
20240907,09/07/24,Saturday,9,3,2024,TRUE
20240908,09/08/24,Sunday,9,3,2024,TRUE
20240909,09/09/24,Monday,9,3,2024,FALSE
20240910,09/10/24,Tuesday,9,3,2024,FALSE
20240911,09/11/24,Wednesday,9,3,2024,FALSE
20240912,09/12/24,Thursday,9,3,2024,FALSE
20240913,09/13/24,Friday,9,3,2024,FALSE
20240914,09/14/24,Saturday,9,3,2024,TRUE
20240915,09/15/24,Sunday,9,3,2024,TRUE
20240916,09/16/24,Monday,9,3,2024,FALSE
20240917,09/17/24,Tuesday,9,3,2024,FALSE
20240918,09/18/24,Wednesday,9,3,2024,FALSE
20240919,09/19/24,Thursday,9,3,2024,FALSE
20240920,09/20/24,Friday,9,3,2024,FALSE
20240921,09/21/24,Saturday,9,3,2024,TRUE
20240922,09/22/24,Sunday,9,3,2024,TRUE
20240923,09/23/24,Monday,9,3,2024,FALSE
20240924,09/24/24,Tuesday,9,3,2024,FALSE
20240925,09/25/24,Wednesday,9,3,2024,FALSE
20240926,09/26/24,Thursday,9,3,2024,FALSE
20240927,09/27/24,Friday,9,3,2024,FALSE
20240928,09/28/24,Saturday,9,3,2024,TRUE
20240929,09/29/24,Sunday,9,3,2024,TRUE
20240930,09/30/24,Monday,9,3,2024,FALSE
20241001,10/01/24,Tuesday,10,4,2024,FALSE
20241002,10/02/24,Wednesday,10,4,2024,FALSE
20241003,10/03/24,Thursday,10,4,2024,FALSE
20241004,10/04/24,Friday,10,4,2024,FALSE
20241005,10/05/24,Saturday,10,4,2024,TRUE
20241006,10/06/24,Sunday,10,4,2024,TRUE
20241007,10/07/24,Monday,10,4,2024,FALSE
20241008,10/08/24,Tuesday,10,4,2024,FALSE
20241009,10/09/24,Wednesday,10,4,2024,FALSE
20241010,10/10/24,Thursday,10,4,2024,FALSE
20241011,10/11/24,Friday,10,4,2024,FALSE
20241012,10/12/24,Saturday,10,4,2024,TRUE
20241013,10/13/24,Sunday,10,4,2024,TRUE
20241014,10/14/24,Monday,10,4,2024,FALSE
20241015,10/15/24,Tuesday,10,4,2024,FALSE
20241016,10/16/24,Wednesday,10,4,2024,FALSE
20241017,10/17/24,Thursday,10,4,2024,FALSE
20241018,10/18/24,Friday,10,4,2024,FALSE
20241019,10/19/24,Saturday,10,4,2024,TRUE
20241020,10/20/24,Sunday,10,4,2024,TRUE
20241021,10/21/24,Monday,10,4,2024,FALSE
20241022,10/22/24,Tuesday,10,4,2024,FALSE
20241023,10/23/24,Wednesday,10,4,2024,FALSE
20241024,10/24/24,Thursday,10,4,2024,FALSE
20241025,10/25/24,Friday,10,4,2024,FALSE
20241026,10/26/24,Saturday,10,4,2024,TRUE
20241027,10/27/24,Sunday,10,4,2024,TRUE
20241028,10/28/24,Monday,10,4,2024,FALSE
20241029,10/29/24,Tuesday,10,4,2024,FALSE
20241030,10/30/24,Wednesday,10,4,2024,FALSE
20241031,10/31/24,Thursday,10,4,2024,FALSE
20241101,11/01/24,Friday,11,4,2024,FALSE
20241102,11/02/24,Saturday,11,4,2024,TRUE
20241103,11/03/24,Sunday,11,4,2024,TRUE
20241104,11/04/24,Monday,11,4,2024,FALSE
20241105,11/05/24,Tuesday,11,4,2024,FALSE
20241106,11/06/24,Wednesday,11,4,2024,FALSE
20241107,11/07/24,Thursday,11,4,2024,FALSE
20241108,11/08/24,Friday,11,4,2024,FALSE
20241109,11/09/24,Saturday,11,4,2024,TRUE
20241110,11/10/24,Sunday,11,4,2024,TRUE
20241111,11/11/24,Monday,11,4,2024,FALSE
20241112,11/12/24,Tuesday,11,4,2024,FALSE
20241113,11/13/24,Wednesday,11,4,2024,FALSE
20241114,11/14/24,Thursday,11,4,2024,FALSE
20241115,11/15/24,Friday,11,4,2024,FALSE
20241116,11/16/24,Saturday,11,4,2024,TRUE
20241117,11/17/24,Sunday,11,4,2024,TRUE
20241118,11/18/24,Monday,11,4,2024,FALSE
20241119,11/19/24,Tuesday,11,4,2024,FALSE
20241120,11/20/24,Wednesday,11,4,2024,FALSE
20241121,11/21/24,Thursday,11,4,2024,FALSE
20241122,11/22/24,Friday,11,4,2024,FALSE
20241123,11/23/24,Saturday,11,4,2024,TRUE
20241124,11/24/24,Sunday,11,4,2024,TRUE
20241125,11/25/24,Monday,11,4,2024,FALSE
20241126,11/26/24,Tuesday,11,4,2024,FALSE
20241127,11/27/24,Wednesday,11,4,2024,FALSE
20241128,11/28/24,Thursday,11,4,2024,FALSE
20241129,11/29/24,Friday,11,4,2024,FALSE
20241130,11/30/24,Saturday,11,4,2024,TRUE
20241201,12/01/24,Sunday,12,4,2024,TRUE
20241202,12/02/24,Monday,12,4,2024,FALSE
20241203,12/03/24,Tuesday,12,4,2024,FALSE
20241204,12/04/24,Wednesday,12,4,2024,FALSE
20241205,12/05/24,Thursday,12,4,2024,FALSE
20241206,12/06/24,Friday,12,4,2024,FALSE
20241207,12/07/24,Saturday,12,4,2024,TRUE
20241208,12/08/24,Sunday,12,4,2024,TRUE
20241209,12/09/24,Monday,12,4,2024,FALSE
20241210,12/10/24,Tuesday,12,4,2024,FALSE
20241211,12/11/24,Wednesday,12,4,2024,FALSE
20241212,12/12/24,Thursday,12,4,2024,FALSE
20241213,12/13/24,Friday,12,4,2024,FALSE
20241214,12/14/24,Saturday,12,4,2024,TRUE
20241215,12/15/24,Sunday,12,4,2024,TRUE
20241216,12/16/24,Monday,12,4,2024,FALSE
20241217,12/17/24,Tuesday,12,4,2024,FALSE
20241218,12/18/24,Wednesday,12,4,2024,FALSE
20241219,12/19/24,Thursday,12,4,2024,FALSE
20241220,12/20/24,Friday,12,4,2024,FALSE
20241221,12/21/24,Saturday,12,4,2024,TRUE
20241222,12/22/24,Sunday,12,4,2024,TRUE
20241223,12/23/24,Monday,12,4,2024,FALSE
20241224,12/24/24,Tuesday,12,4,2024,FALSE
20241225,12/25/24,Wednesday,12,4,2024,FALSE
20241226,12/26/24,Thursday,12,4,2024,FALSE
20241227,12/27/24,Friday,12,4,2024,FALSE
20241228,12/28/24,Saturday,12,4,2024,TRUE
20241229,12/29/24,Sunday,12,4,2024,TRUE
20241230,12/30/24,Monday,12,4,2024,FALSE
20241231,12/31/24,Tuesday,12,4,2024,FALSE
20250101,01/01/25,Wednesday,1,1,2025,FALSE
